분류,2,단계,3,단계,4,단계,
CIACB,I,첫인상 평가(명백한 중증),A,첫인상 평가(명백한 중증),CB,심정지 혹은 자발순환회복상태(비외상),1
CIBCB,I,첫인상 평가(명백한 중증),B,첫인상 평가(명백한 중증),CB,심정지 혹은 자발순환회복상태(외상),1
CIACA,I,첫인상 평가(명백한 중증),A,첫인상 평가(명백한 중증),CA,소생술 유보(비외상),1
CIBCA,I,첫인상 평가(명백한 중증),B,첫인상 평가(명백한 중증),CA,소생술 유보(외상),1
CHBCA,H,첫인상 평가(명백한 중증),B,첫인상 평가(명백한 중증),CA,무호흡 혹은 기도장애,1
CCAAG,C,첫인상 평가(명백한 중증),A,첫인상 평가(명백한 중증),AG,의식소실(U: GCS 3-8),1
CCECD,C,첫인상 평가(명백한 중증),E,첫인상 평가(명백한 중증),CD,발작 중,1
CNBAD,N,첫인상 평가(명백한 중증),B,첫인상 평가(명백한 중증),AD,중증외상환자 및 수축기혈압90미만,1
CMCCD,M,첫인상 평가(명백한 중증),C,첫인상 평가(명백한 중증),CD,외상환자에서 몸통이나 사지의 절단,1
CPECE,P,첫인상 평가(명백한 중증),E,첫인상 평가(명백한 중증),CE,체표면적의25%이상의2-3도 화상,1
CKHCR,K,첫인상 평가(명백한 중증),H,첫인상 평가(명백한 중증),CR,"20주 이상의 산모에서 제대탈출,태아 출산 중,질출혈",1
CIGAD,I,첫인상 평가(명백한 중증),G,첫인상 평가(명백한 중증),AD,명백한 쇼크,1
CAAAA,A,물질오용,A,물질오용/중독,AA,중증 호흡곤란,1
CAAAD,A,물질오용,A,물질오용/중독,AD,쇼크,1
CAAAG,A,물질오용,A,물질오용/중독,AG,"무의식(U, GCS 3-8)",1
CAAAB,A,물질오용,A,물질오용/중독,AB,중등도 호흡곤란,2
CAAAE,A,물질오용,A,물질오용/중독,AE,혈역학적 장애,2
CAAAH,A,물질오용,A,물질오용/중독,AH,"의식변화(V/P, GCS 9-13)",2
CAAAI,A,물질오용,A,물질오용/중독,AI,"열,면역저하 상태",2
CAAAJ,A,물질오용,A,물질오용/중독,AJ,패혈증 의증(3개 이상의SIRS기준 만족),2
CAAAC,A,물질오용,A,물질오용/중독,AC,경증 호흡곤란,3
CAAAF,A,물질오용,A,물질오용/중독,AF,비정상 맥박수이지만 혈역학적으로 안정,3
CAAAK,A,물질오용,A,물질오용/중독,AK,전신염증반응증후군(열을 포함한2개의SIRS기준 만족),3
CAAAL,A,물질오용,A,물질오용/중독,AL,열(아파보임),3
CAAAM,A,물질오용,A,물질오용/중독,AM,열(건강해 보임),4
CAACC,A,물질오용,A,물질오용/중독,CC,고위험 물질/알 수 없는 물질,2
CAACB,A,물질오용,A,물질오용/중독,CB,도주의 가능성이나 안전에 대한 위험,2
CAACA,A,물질오용,A,물질오용/중독,CA,알려진 저독성 물질,4
CABAA,A,물질오용,B,과다복용,AA,중증 호흡곤란,1
CABAD,A,물질오용,B,과다복용,AD,쇼크,1
CABAG,A,물질오용,B,과다복용,AG,"무의식(U, GCS 3-8)",1
CABAB,A,물질오용,B,과다복용,AB,중등도 호흡곤란,2
CABAE,A,물질오용,B,과다복용,AE,혈역학적 장애,2
CABAH,A,물질오용,B,과다복용,AH,"의식변화(V/P, GCS 9-13)",2
CABAI,A,물질오용,B,과다복용,AI,"열,면역저하 상태",2
CABAJ,A,물질오용,B,과다복용,AJ,패혈증 의증(3개 이상의SIRS기준 만족),2
CABAC,A,물질오용,B,과다복용,AC,경증 호흡곤란,3
CABAF,A,물질오용,B,과다복용,AF,비정상 맥박수이지만 혈역학적으로 안정,3
CABAK,A,물질오용,B,과다복용,AK,전신염증반응증후군(열을 포함한2개의SIRS기준 만족),3
CABAL,A,물질오용,B,과다복용,AL,열(아파보임),3
CABAM,A,물질오용,B,과다복용,AM,열(건강해 보임),4
CABCE,A,물질오용,B,과다복용,CE,고위험 물질/알 수 없는 물질,2
CABCD,A,물질오용,B,과다복용,CD,도주의 가능성이나 안전에 대한 위험,2
CABCC,A,물질오용,B,과다복용,CC,계획적인 자살시도,2
CABCB,A,물질오용,B,과다복용,CB,구체적인 계획이 없는 자살관념,3
CABCA,A,물질오용,B,과다복용,CA,과다복용,4
CACAA,A,물질오용,C,물질금단,AA,중증 호흡곤란,1
CACAD,A,물질오용,C,물질금단,AD,쇼크,1
CACAG,A,물질오용,C,물질금단,AG,"무의식(U, GCS 3-8)",1
CACAB,A,물질오용,C,물질금단,AB,중등도 호흡곤란,2
CACAE,A,물질오용,C,물질금단,AE,혈역학적 장애,2
CACAH,A,물질오용,C,물질금단,AH,"의식변화(V/P, GCS 9-13)",2
CACAI,A,물질오용,C,물질금단,AI,"열,면역저하 상태",2
CACAJ,A,물질오용,C,물질금단,AJ,패혈증 의증(3개 이상의SIRS기준 만족),2
CACAC,A,물질오용,C,물질금단,AC,경증 호흡곤란,3
CACAF,A,물질오용,C,물질금단,AF,비정상 맥박수이지만 혈역학적으로 안정,3
CACAK,A,물질오용,C,물질금단,AK,전신염증반응증후군(열을 포함한2개의SIRS기준 만족),3
CACAL,A,물질오용,C,물질금단,AL,열(아파보임),3
CACAM,A,물질오용,C,물질금단,AM,열(건강해 보임),4
CACCF,A,물질오용,C,물질금단,CF,경련중,1
CACCE,A,물질오용,C,물질금단,CE,"최근발작,발작 후 상태,초조한 상태",2
CACCD,A,물질오용,C,물질금단,CD,도주의 가능성이나 안전에 대한 위험,2
CACCC,A,물질오용,C,물질금단,CC,중증 불안/초조,2
CACCB,A,물질오용,C,물질금단,CB,중등도 불안/초조,3
CACCA,A,물질오용,C,물질금단,CA,경증 불안/초조,4
CBACD,B,정신건강,A,불안/위기상황,CD,중증 불안/초조,2
CBACC,B,정신건강,A,불안/위기상황,CC,도주의 가능성이나 안전에 대한 위험,2
CBACB,B,정신건강,A,불안/위기상황,CB,중등도 불안/초조,3
CBACA,B,정신건강,A,불안/위기상황,CA,경증 불안/초조,4
CBBAB,B,정신건강,B,환각/망상,AB,중등도 호흡곤란,2
CBBAE,B,정신건강,B,환각/망상,AE,혈역학적 장애,2
CBBAH,B,정신건강,B,환각/망상,AH,"의식변화(V/P, GCS 9-13)",2
CBBAI,B,정신건강,B,환각/망상,AI,"열,면역저하 상태",2
CBBAJ,B,정신건강,B,환각/망상,AJ,패혈증 의증(3개 이상의SIRS기준 만족),2
CBBAC,B,정신건강,B,환각/망상,AC,경증 호흡곤란,3
CBBAF,B,정신건강,B,환각/망상,AF,비정상 맥박수이지만 혈역학적으로 안정,3
CBBAK,B,정신건강,B,환각/망상,AK,전신염증반응증후군(열을 포함한2개의SIRS기준 만족),3
CBBAL,B,정신건강,B,환각/망상,AL,열(아파보임),3
CBBAM,B,정신건강,B,환각/망상,AM,열(건강해 보임),4
CBBCD,B,정신건강,B,환각/망상,CD,"급성 정신병,중증 불안/초조,도주의 가능성이나 안전에 대한 위험",2
CBBCC,B,정신건강,B,환각/망상,CC,중등도 불안/초조 또는 편집증(Paranoia)을 동반,3
CBBCB,B,정신건강,B,환각/망상,CB,"경증의 불안/초조,안정되어 있음",4
CBBCA,B,정신건강,B,환각/망상,CA,만성적인 환각으로 인한 경증의 불안/초조,5
CBCCB,B,정신건강,C,불면증,CB,급성 불면증,4
CBCCA,B,정신건강,C,불면증,CA,만성 불면증,5
CBDCC,B,정신건강,D,폭력/살인행위,CC,자신 혹은 타인을 해치려는 구체적인 계획이 있거나 충동을 억제할 수 없는 상태,1
CBDCB,B,정신건강,D,폭력/살인행위,CB,도주의 가능성이나 안전에 대한 위험,2
CBDCA,B,정신건강,D,폭력/살인행위,CA,구체적 계획이 없는 폭력적인 생각(ideation),3
CBECE,B,정신건강,E,우울증/자살/자해,CE,계획적인 자살시도,2
CBECD,B,정신건강,E,우울증/자살/자해,CD,뚜렷한 자살의도,2
CBECC,B,정신건강,E,우울증/자살/자해,CC,도주의 가능성이나 안전에 대한 위험,2
CBECB,B,정신건강,E,우울증/자살/자해,CB,구체적인 계획이 없는 자살관념,3
CBECA,B,정신건강,E,우울증/자살/자해,CA,"우울함,자살 생각은 없음",4
CBFCC,B,정신건강,F,사회문제,CC,"육체적 학대,정신적 학대,심각한 감정적 스트레스",3
CBFCB,B,정신건강,F,사회문제,CB,대처하기 어려운 상태,4
CBFCA,B,정신건강,F,사회문제,CA,"만성,비급성 상태",5
CBGAB,B,정신건강,G,기괴한 행동,AB,중등도 호흡곤란,2
CBGAE,B,정신건강,G,기괴한 행동,AE,혈역학적 장애,2
CBGAH,B,정신건강,G,기괴한 행동,AH,"의식변화(V/P, GCS 9-13)",2
CBGAI,B,정신건강,G,기괴한 행동,AI,"열,면역저하 상태",2
CBGAJ,B,정신건강,G,기괴한 행동,AJ,패혈증 의증(3개 이상의SIRS기준 만족),2
CBGAC,B,정신건강,G,기괴한 행동,AC,경증 호흡곤란,3
CBGAF,B,정신건강,G,기괴한 행동,AF,비정상 맥박수이지만 혈역학적으로 안정,3
CBGAK,B,정신건강,G,기괴한 행동,AK,전신염증반응증후군(열을 포함한2개의SIRS기준 만족),3
CBGAL,B,정신건강,G,기괴한 행동,AL,열(아파보임),3
CBGAM,B,정신건강,G,기괴한 행동,AM,열(건강해 보임),4
CBGCE,B,정신건강,G,기괴한 행동,CE,조절되지 않는 행동,1
CBGCD,B,정신건강,G,기괴한 행동,CD,도주의 가능성이나 안전에 대한 위험,2
CBGCC,B,정신건강,G,기괴한 행동,CC,조절되는 행동,3
CBGCB,B,정신건강,G,기괴한 행동,CB,해를 끼치지 않는 행동,4
CBGCA,B,정신건강,G,기괴한 행동,CA,"만성,비급성 상태",5
CBHCD,B,정신건강,H,"환자의 안녕에 대한 고려(학대,방임)",CD,폭력 또는 안전하지 않은 상황,1
CBHCC,B,정신건강,H,"환자의 안녕에 대한 고려(학대,방임)",CC,도주의 가능성이나 학대가 반복될 위험,2
CBHCB,B,정신건강,H,"환자의 안녕에 대한 고려(학대,방임)",CB,육체적 폭행 또는 성폭행,3
CBHCA,B,정신건강,H,"환자의 안녕에 대한 고려(학대,방임)",CA,학대의 병력/징후,4
CCAAA,C,신경계,A,의식수준의 변화,AA,중증 호흡곤란,1
CCAAD,C,신경계,A,의식수준의 변화,AD,쇼크,1
CCAAG,C,신경계,A,의식수준의 변화,AG,"무의식(U, GCS 3-8)",1
CCAAB,C,신경계,A,의식수준의 변화,AB,중등도 호흡곤란,2
CCAAE,C,신경계,A,의식수준의 변화,AE,혈역학적 장애,2
CCAAH,C,신경계,A,의식수준의 변화,AH,"의식변화(V/P, GCS 9-13)",2
CCAAI,C,신경계,A,의식수준의 변화,AI,"열,면역저하 상태",2
CCAAJ,C,신경계,A,의식수준의 변화,AJ,패혈증 의증(3개 이상의SIRS기준 만족),2
CCAAC,C,신경계,A,의식수준의 변화,AC,경증 호흡곤란,3
CCAAF,C,신경계,A,의식수준의 변화,AF,비정상 맥박수이지만 혈역학적으로 안정,3
CCAAK,C,신경계,A,의식수준의 변화,AK,전신염증반응증후군(열을 포함한2개의SIRS기준 만족),3
CCAAL,C,신경계,A,의식수준의 변화,AL,열(아파보임),3
CCAAM,C,신경계,A,의식수준의 변화,AM,열(건강해 보임),4
CCABN,C,신경계,A,의식수준의 변화,BN,고위험성 사고기전,2
CCACB,C,신경계,A,의식수준의 변화,CB,혈당<54mg/dl이고 관련증상을 동반,2
CCACA,C,신경계,A,의식수준의 변화,CA,단순 주취에 의한 의식변화,4
CCBAB,C,신경계,B,착란,AB,중등도 호흡곤란,2
CCBAE,C,신경계,B,착란,AE,혈역학적 장애,2
CCBAH,C,신경계,B,착란,AH,"의식변화(V/P, GCS 9-13)",2
CCBAI,C,신경계,B,착란,AI,"열,면역저하 상태",2
CCBAJ,C,신경계,B,착란,AJ,패혈증 의증(3개 이상의SIRS기준 만족),2
CCBAC,C,신경계,B,착란,AC,경증 호흡곤란,3
CCBAF,C,신경계,B,착란,AF,비정상 맥박수이지만 혈역학적으로 안정,3
CCBAK,C,신경계,B,착란,AK,전신염증반응증후군(열을 포함한2개의SIRS기준 만족),3
CCBAL,C,신경계,B,착란,AL,열(아파보임),3
CCBAM,C,신경계,B,착란,AM,열(건강해 보임),4
CCBCD,C,신경계,B,착란,CD,혈당<54mg/dl이고 관련증상을 동반,2
CCBCC,C,신경계,B,착란,CC,두통 또는 의식상태의 변화를 동반한 급성 착란,2
CCBCB,C,신경계,B,착란,CB,두통 또는 의식상태의 변화를 동반하지 않는 급성착란,3
CCBCA,C,신경계,B,착란,CA,"만성,평상시에 비해 변화없음",4
CCCAA,C,신경계,C,현훈,AA,중증 호흡곤란,1
CCCAD,C,신경계,C,현훈,AD,쇼크,1
CCCAG,C,신경계,C,현훈,AG,"무의식(U, GCS 3-8)",1
CCCAB,C,신경계,C,현훈,AB,중등도 호흡곤란,2
CCCAE,C,신경계,C,현훈,AE,혈역학적 장애,2
CCCAH,C,신경계,C,현훈,AH,"의식변화(V/P, GCS 9-13)",2
CCCAI,C,신경계,C,현훈,AI,"열,면역저하 상태",2
CCCAJ,C,신경계,C,현훈,AJ,패혈증 의증(3개 이상의SIRS기준 만족),2
CCCAC,C,신경계,C,현훈,AC,경증 호흡곤란,3
CCCAF,C,신경계,C,현훈,AF,비정상 맥박수이지만 혈역학적으로 안정,3
CCCAK,C,신경계,C,현훈,AK,전신염증반응증후군(열을 포함한2개의SIRS기준 만족),3
CCCAL,C,신경계,C,현훈,AL,열(아파보임),3
CCCAM,C,신경계,C,현훈,AM,열(건강해 보임),4
CCCCD,C,신경계,C,현훈,CD,자세변화에 의해 유발되지 않음,2
CCCCC,C,신경계,C,현훈,CC,신경학적 증상 동반,2
CCCCB,C,신경계,C,현훈,CB,"자세변화에 의해 발생,다른 신경학적 증상 없음",3
CCCCA,C,신경계,C,현훈,CA,"만성,기타 어지러움",4
CCDAA,C,신경계,D,두통,AA,중증 호흡곤란,1
CCDAD,C,신경계,D,두통,AD,쇼크,1
CCDAG,C,신경계,D,두통,AG,"무의식(U, GCS 3-8)",1
CCDAB,C,신경계,D,두통,AB,중등도 호흡곤란,2
CCDAE,C,신경계,D,두통,AE,혈역학적 장애,2
CCDAH,C,신경계,D,두통,AH,"의식변화(V/P, GCS 9-13)",2
CCDAI,C,신경계,D,두통,AI,"열,면역저하 상태",2
CCDAJ,C,신경계,D,두통,AJ,패혈증 의증(3개 이상의SIRS기준 만족),2
CCDAC,C,신경계,D,두통,AC,경증 호흡곤란,3
CCDAF,C,신경계,D,두통,AF,비정상 맥박수이지만 혈역학적으로 안정,3
CCDAK,C,신경계,D,두통,AK,전신염증반응증후군(열을 포함한2개의SIRS기준 만족),3
CCDAL,C,신경계,D,두통,AL,열(아파보임),3
CCDAM,C,신경계,D,두통,AM,열(건강해 보임),4
CCDBA,C,신경계,D,두통,BA,급성 통증(8-10),2
CCDBB,C,신경계,D,두통,BB,급성 통증(4-7),3
CCDBD,C,신경계,D,두통,BD,만성 통증(8-10),3
CCDBC,C,신경계,D,두통,BC,급성 통증(<4),4
CCDBE,C,신경계,D,두통,BE,만성 통증(4-7),4
CCDBF,C,신경계,D,두통,BF,만성 통증(<4),5
CCDCC,C,신경계,D,두통,CC,"급성,중증,지금까지 경험했던 두통 중 가장 심함",2
CCDCB,C,신경계,D,두통,CB,시력장애±안구통증,2
CCDCA,C,신경계,D,두통,CA,만성 또는 반복적인 두통,5
CCEAA,C,신경계,E,발작,AA,중증 호흡곤란,1
CCEAD,C,신경계,E,발작,AD,쇼크,1
CCEAG,C,신경계,E,발작,AG,"무의식(U, GCS 3-8)",1
CCEAB,C,신경계,E,발작,AB,중등도 호흡곤란,2
CCEAE,C,신경계,E,발작,AE,혈역학적 장애,2
CCEAH,C,신경계,E,발작,AH,"의식변화(V/P, GCS 9-13)",2
CCEAI,C,신경계,E,발작,AI,"열,면역저하 상태",2
CCEAJ,C,신경계,E,발작,AJ,패혈증 의증(3개 이상의SIRS기준 만족),2
CCEAC,C,신경계,E,발작,AC,경증 호흡곤란,3
CCEAF,C,신경계,E,발작,AF,비정상 맥박수이지만 혈역학적으로 안정,3
CCEAK,C,신경계,E,발작,AK,전신염증반응증후군(열을 포함한2개의SIRS기준 만족),3
CCEAL,C,신경계,E,발작,AL,열(아파보임),3
CCEAM,C,신경계,E,발작,AM,열(건강해 보임),4
CCEBA,C,신경계,E,발작,BA,급성 통증(8-10),2
CCEBB,C,신경계,E,발작,BB,급성 통증(4-7),3
CCEBC,C,신경계,E,발작,BC,급성 통증(<4),4
CCECD,C,신경계,E,발작,CD,지금 발작 중,1
CCECC,C,신경계,E,발작,CC,발작 후 상태,2
CCECB,C,신경계,E,발작,CB,"회복된 상태,명료한의식",3
CCECA,C,신경계,E,발작,CA,만성,3
CCFAA,C,신경계,F,보행 장애/운동 실조/강직,AA,중증 호흡곤란,1
CCFAD,C,신경계,F,보행 장애/운동 실조/강직,AD,쇼크,1
CCFAG,C,신경계,F,보행 장애/운동 실조/강직,AG,"무의식(U, GCS 3-8)",1
CCFAB,C,신경계,F,보행 장애/운동 실조/강직,AB,중등도 호흡곤란,2
CCFAE,C,신경계,F,보행 장애/운동 실조/강직,AE,혈역학적 장애,2
CCFAH,C,신경계,F,보행 장애/운동 실조/강직,AH,"의식변화(V/P, GCS 9-13)",2
CCFAI,C,신경계,F,보행 장애/운동 실조/강직,AI,"열,면역저하 상태",2
CCFAJ,C,신경계,F,보행 장애/운동 실조/강직,AJ,패혈증 의증(3개 이상의SIRS기준 만족),2
CCFAC,C,신경계,F,보행 장애/운동 실조/강직,AC,경증 호흡곤란,3
CCFAF,C,신경계,F,보행 장애/운동 실조/강직,AF,비정상 맥박수이지만 혈역학적으로 안정,3
CCFAK,C,신경계,F,보행 장애/운동 실조/강직,AK,전신염증반응증후군(열을 포함한2개의SIRS기준 만족),3
CCFAL,C,신경계,F,보행 장애/운동 실조/강직,AL,열(아파보임),3
CCFAM,C,신경계,F,보행 장애/운동 실조/강직,AM,열(건강해 보임),4
CCFCA,C,신경계,F,보행 장애/운동 실조/강직,CA,발병시간<24시간,2
CCGAA,C,신경계,G,사지약화/뇌졸중 증상,AA,중증 호흡곤란,1
CCGAD,C,신경계,G,사지약화/뇌졸중 증상,AD,쇼크,1
CCGAG,C,신경계,G,사지약화/뇌졸중 증상,AG,"무의식(U, GCS 3-8)",1
CCGAB,C,신경계,G,사지약화/뇌졸중 증상,AB,중등도 호흡곤란,2
CCGAE,C,신경계,G,사지약화/뇌졸중 증상,AE,혈역학적 장애,2
CCGAH,C,신경계,G,사지약화/뇌졸중 증상,AH,"의식변화(V/P, GCS 9-13)",2
CCGAI,C,신경계,G,사지약화/뇌졸중 증상,AI,"열,면역저하 상태",2
CCGAJ,C,신경계,G,사지약화/뇌졸중 증상,AJ,패혈증 의증(3개 이상의SIRS기준 만족),2
CCGAC,C,신경계,G,사지약화/뇌졸중 증상,AC,경증 호흡곤란,3
CCGAF,C,신경계,G,사지약화/뇌졸중 증상,AF,비정상 맥박수이지만 혈역학적으로 안정,3
CCGAK,C,신경계,G,사지약화/뇌졸중 증상,AK,전신염증반응증후군(열을 포함한2개의SIRS기준 만족),3
CCGAL,C,신경계,G,사지약화/뇌졸중 증상,AL,열(아파보임),3
CCGBA,C,신경계,G,사지약화/뇌졸중 증상,BA,급성 통증(8-10),2
CCGBL,C,신경계,G,사지약화/뇌졸중 증상,BL,출혈성 질환(생명 혹은 사지를 소실할 정도의 위급한 출혈),2
CCGBB,C,신경계,G,사지약화/뇌졸중 증상,BB,급성 통증(4-7),3
CCGBC,C,신경계,G,사지약화/뇌졸중 증상,BC,급성 통증(<4),4
CCGBM,C,신경계,G,사지약화/뇌졸중 증상,BM,출혈성 질환(중등도나 경도의 출혈),3
CCGCC,C,신경계,G,사지약화/뇌졸중 증상,CC,발병시간24시간 이내,2
CCGCB,C,신경계,G,사지약화/뇌졸중 증상,CB,발병시간24시간 초과,3
CCGCA,C,신경계,G,사지약화/뇌졸중 증상,CA,회복된 상태,3
CCHAA,C,신경계,H,두부손상,AA,중증 호흡곤란,1
CCHAD,C,신경계,H,두부손상,AD,쇼크,1
CCHAG,C,신경계,H,두부손상,AG,"무의식(U, GCS 3-8)",1
CCHAB,C,신경계,H,두부손상,AB,중등도 호흡곤란,2
CCHAE,C,신경계,H,두부손상,AE,혈역학적 장애,2
CCHAH,C,신경계,H,두부손상,AH,"의식변화(V/P, GCS 9-13)",2
CCHAI,C,신경계,H,두부손상,AI,"열,면역저하 상태",2
CCHAJ,C,신경계,H,두부손상,AJ,패혈증 의증(3개 이상의SIRS기준 만족),2
CCHAC,C,신경계,H,두부손상,AC,경증 호흡곤란,3
CCHAF,C,신경계,H,두부손상,AF,비정상 맥박수이지만 혈역학적으로 안정,3
CCHAK,C,신경계,H,두부손상,AK,전신염증반응증후군(열을 포함한2개의SIRS기준 만족),3
CCHAL,C,신경계,H,두부손상,AL,열(아파보임),3
CCHAM,C,신경계,H,두부손상,AM,열(건강해 보임),4
CCHBA,C,신경계,H,두부손상,BA,급성 통증(8-10),2
CCHBL,C,신경계,H,두부손상,BL,출혈성 질환(생명 혹은 사지를 소실할 정도의 위급한 출혈),2
CCHBN,C,신경계,H,두부손상,BN,고위험성 사고기전,2
CCHBB,C,신경계,H,두부손상,BB,급성 통증(4-7),3
CCHBM,C,신경계,H,두부손상,BM,출혈성 질환(중등도나 경도의 출혈),3
CCHBC,C,신경계,H,두부손상,BC,급성 통증(<4),4
CCHCD,C,신경계,H,두부손상,CD,새로운 국소적 신경학적 증상,2
CCHCC,C,신경계,H,두부손상,CC,의식소실의 병력,3
CCHCB,C,신경계,H,두부손상,CB,장기간의 척추고정,3
CCHCA,C,신경계,H,두부손상,CA,의식소실의 병력이 없음,4
CCIAB,C,신경계,I,떨림(Tremor),AB,중등도 호흡곤란,2
CCIAE,C,신경계,I,떨림(Tremor),AE,혈역학적 장애,2
CCIAH,C,신경계,I,떨림(Tremor),AH,"의식변화(V/P, GCS 9-13)",2
CCIAI,C,신경계,I,떨림(Tremor),AI,"열,면역저하 상태",2
CCIAJ,C,신경계,I,떨림(Tremor),AJ,패혈증 의증(3개 이상의SIRS기준 만족),2
CCIAC,C,신경계,I,떨림(Tremor),AC,경증 호흡곤란,3
CCIAF,C,신경계,I,떨림(Tremor),AF,비정상 맥박수이지만 혈역학적으로 안정,3
CCIAK,C,신경계,I,떨림(Tremor),AK,전신염증반응증후군(열을 포함한2개의SIRS기준 만족),3
CCIAL,C,신경계,I,떨림(Tremor),AL,열(아파보임),3
CCIAM,C,신경계,I,떨림(Tremor),AM,열(건강해 보임),4
CCICA,C,신경계,I,떨림(Tremor),CA,만성떨림,4
CCJCB,C,신경계,J,감각상실/이상감각,CB,새로 발병한 감각소실/이상감각,3
CCJCA,C,신경계,J,감각상실/이상감각,CA,만성 감각소실/이상감각,4
CCKCA,C,신경계,K,기억상실,CA,새로 발병한 기억상실,4
CDACA,D,눈,A,눈의 화학물질 노출,CA,눈의 화학물질 노출,2
CDBBG,D,눈,B,눈의 이물질,BG,급성 통증(8-10),3
CDBBH,D,눈,B,눈의 이물질,BH,급성 통증(4-7),4
CDBBI,D,눈,B,눈의 이물질,BI,급성 통증(<4),5
CDBCB,D,눈,B,눈의 이물질,CB,이물질의 안구 관통,2
CDBCA,D,눈,B,눈의 이물질,CA,급성 또는 갑작스런 시력변화,2
CDCCB,D,눈,C,시력장애,CB,급성/갑작스런 시력변화,2
CDCCA,D,눈,C,시력장애,CA,만성/점진적 시력변화,4
CDDBA,D,눈,D,눈통증,BA,급성 통증(8-10),2
CDDBB,D,눈,D,눈통증,BB,급성 통증(4-7),3
CDDBD,D,눈,D,눈통증,BD,만성 통증(8-10),3
CDDBC,D,눈,D,눈통증,BC,급성 통증(<4),4
CDDBE,D,눈,D,눈통증,BE,만성 통증(4-7),4
CDDBF,D,눈,D,눈통증,BF,만성 통증(<4),5
CDDCA,D,눈,D,눈통증,CA,급성/갑작스런 시력장애,2
CDEBG,D,눈,E,"눈충혈,분비물",BG,급성 통증(8-10),3
CDEBH,D,눈,E,"눈충혈,분비물",BH,급성 통증(4-7),4
CDEBJ,D,눈,E,"눈충혈,분비물",BJ,만성 통증(8-10),4
CDEBI,D,눈,E,"눈충혈,분비물",BI,급성 통증(<4),5
CDEBK,D,눈,E,"눈충혈,분비물",BK,만성 통증(<8),5
CDECB,D,눈,E,"눈충혈,분비물",CB,"눈충혈/분비물,급성",4
CDECA,D,눈,E,"눈충혈,분비물",CA,"눈충혈/분비물,만성",5
CDFBA,D,눈,F,눈부심,BA,급성 통증(8-10),2
CDFBB,D,눈,F,눈부심,BB,급성 통증(4-7),3
CDFBC,D,눈,F,눈부심,BC,급성 통증(<4),4
CDFCA,D,눈,F,눈부심,CA,눈부심,4
CDGCB,D,눈,G,복시,CB,급성발병,3
CDGCA,D,눈,G,복시,CA,만성 복시,4
CDHAB,D,눈,H,안와주위 부종,AB,중등도 호흡곤란,2
CDHAE,D,눈,H,안와주위 부종,AE,혈역학적 장애,2
CDHAH,D,눈,H,안와주위 부종,AH,"의식변화(V/P, GCS 9-13)",2
CDHAI,D,눈,H,안와주위 부종,AI,"열,면역저하 상태",2
CDHAJ,D,눈,H,안와주위 부종,AJ,패혈증 의증(3개 이상의SIRS기준 만족),2
CDHAC,D,눈,H,안와주위 부종,AC,경증 호흡곤란,3
CDHAF,D,눈,H,안와주위 부종,AF,비정상 맥박수이지만 혈역학적으로 안정,3
CDHAK,D,눈,H,안와주위 부종,AK,전신염증반응증후군(열을 포함한2개의SIRS기준 만족),3
CDHAL,D,눈,H,안와주위 부종,AL,열(아파보임),3
CDHAM,D,눈,H,안와주위 부종,AM,열(건강해 보임),4
CDHBG,D,눈,H,안와주위 부종,BG,급성 통증(8-10),3
CDHBH,D,눈,H,안와주위 부종,BH,급성 통증(4-7),4
CDHBI,D,눈,H,안와주위 부종,BI,급성 통증(<4),5
CDHCA,D,눈,H,안와주위 부종,CA,안와주위 부종,5
CDIBA,D,눈,I,눈의 외상,BA,급성 통증(8-10),2
CDIBL,D,눈,I,눈의 외상,BL,출혈성 질환(생명 혹은 사지를 소실할 정도의 위급한 출혈),2
CDIBN,D,눈,I,눈의 외상,BN,고위험성 사고기전,2
CDIBB,D,눈,I,눈의 외상,BB,급성 통증(4-7),3
CDIBM,D,눈,I,눈의 외상,BM,출혈성 질환(중등도나 경도의 출혈),3
CDIBC,D,눈,I,눈의 외상,BC,급성 통증(<4),4
CDICE,D,눈,I,눈의 외상,CE,"관통 손상이나 화학물질,직접적인 고열에 의한 손상",2
CDICD,D,눈,I,눈의 외상,CD,둔상에 의한 시력소실,2
CDICC,D,눈,I,눈의 외상,CC,급성/갑작스런 시력장애,2
CDICB,D,눈,I,눈의 외상,CB,분류 담당자가 눈을 확인할 수 없는 상태,2
CDICA,D,눈,I,눈의 외상,CA,눈의 외상,4
CEAAA,E,코,A,코피,AA,중증 호흡곤란,1
CEAAD,E,코,A,코피,AD,쇼크,1
CEAAG,E,코,A,코피,AG,"무의식(U, GCS 3-8)",1
CEAAB,E,코,A,코피,AB,중등도 호흡곤란,2
CEAAE,E,코,A,코피,AE,혈역학적 장애,2
CEAAH,E,코,A,코피,AH,"의식변화(V/P, GCS 9-13)",2
CEAAI,E,코,A,코피,AI,"열,면역저하 상태",2
CEAAJ,E,코,A,코피,AJ,패혈증 의증(3개 이상의SIRS기준 만족),2
CEAAC,E,코,A,코피,AC,경증 호흡곤란,3
CEAAF,E,코,A,코피,AF,비정상 맥박수이지만 혈역학적으로 안정,3
CEAAK,E,코,A,코피,AK,전신염증반응증후군(열을 포함한2개의SIRS기준 만족),3
CEAAL,E,코,A,코피,AL,열(아파보임),3
CEAAM,E,코,A,코피,AM,열(건강해 보임),4
CEABL,E,코,A,코피,BL,출혈성 질환(생명 혹은 사지를 소실할 정도의 위급한 출혈),2
CEABM,E,코,A,코피,BM,출혈성 질환(중등도나 경도의 출혈),3
CEACD,E,코,A,코피,CD,적절한 압박에도 멈추지 않는 코피,2
CEACC,E,코,A,코피,CC,압박으로 지혈된 코피,3
CEACB,E,코,A,코피,CB,"급성코피,두드러진 출혈은 없음",4
CEACA,E,코,A,코피,CA,주기적/반복적이며 두드러지지 않은 출혈,5
CEBCA,E,코,B,코막힘,CA,코막힘,5
CECAB,E,코,C,코의 이물질,AB,중등도 호흡곤란,2
CECAC,E,코,C,코의 이물질,AC,경증 호흡곤란,3
CECAF,E,코,C,코의 이물질,AF,비정상 맥박수이지만 혈역학적으로 안정,3
CECAK,E,코,C,코의 이물질,AK,전신염증반응증후군(열을 포함한2개의SIRS기준 만족),3
CECAL,E,코,C,코의 이물질,AL,열(아파보임),3
CECAM,E,코,C,코의 이물질,AM,열(건강해 보임),4
CECBG,E,코,C,코의 이물질,BG,급성 통증(8-10),3
CECBH,E,코,C,코의 이물질,BH,급성 통증(4-7),4
CECBI,E,코,C,코의 이물질,BI,급성 통증(<4),5
CECCB,E,코,C,코의 이물질,CB,단추형 건전지,2
CEDAB,E,코,D,상기도감염 증상 호소,AB,중등도 호흡곤란,2
CEDAC,E,코,D,상기도감염 증상 호소,AC,경증 호흡곤란,3
CEDAF,E,코,D,상기도감염 증상 호소,AF,비정상 맥박수이지만 혈역학적으로 안정,3
CEDAK,E,코,D,상기도감염 증상 호소,AK,전신염증반응증후군(열을 포함한2개의SIRS기준 만족),3
CEDAL,E,코,D,상기도감염 증상 호소,AL,열(아파보임),3
CEDAM,E,코,D,상기도감염 증상 호소,AM,열(건강해 보임),4
CEDBG,E,코,D,상기도감염 증상 호소,BG,급성 통증(8-10),3
CEDBH,E,코,D,상기도감염 증상 호소,BH,급성 통증(4-7),4
CEDBI,E,코,D,상기도감염 증상 호소,BI,급성 통증(<4),5
CEDCA,E,코,D,상기도감염 증상 호소,CA,"건강해보임,열 없음",5
CEEAB,E,코,E,코의 외상,AB,중등도 호흡곤란,2
CEEAE,E,코,E,코의 외상,AE,혈역학적 장애,2
CEEAH,E,코,E,코의 외상,AH,"의식변화(V/P, GCS 9-13)",2
CEEAI,E,코,E,코의 외상,AI,"열,면역저하 상태",2
CEEAJ,E,코,E,코의 외상,AJ,패혈증 의증(3개 이상의SIRS기준 만족),2
CEEAC,E,코,E,코의 외상,AC,경증 호흡곤란,3
CEEAF,E,코,E,코의 외상,AF,비정상 맥박수이지만 혈역학적으로 안정,3
CEEAK,E,코,E,코의 외상,AK,전신염증반응증후군(열을 포함한2개의SIRS기준 만족),3
CEEAL,E,코,E,코의 외상,AL,열(아파보임),3
CEEAM,E,코,E,코의 외상,AM,열(건강해 보임),4
CEEBL,E,코,E,코의 외상,BL,출혈성 질환(생명 혹은 사지를 소실할 정도의 위급한 출혈),2
CEEBG,E,코,E,코의 외상,BG,급성 통증(8-10),3
CEEBM,E,코,E,코의 외상,BM,출혈성 질환(중등도나 경도의 출혈),3
CEEBH,E,코,E,코의 외상,BH,급성 통증(4-7),4
CEEBI,E,코,E,코의 외상,BI,급성 통증(<4),5
CEECA,E,코,E,코의 외상,CA,적절한 지혈에도 멈추지 않는 코피,2
CFAAC,F,귀,A,이통(Earache),AC,경증 호흡곤란,3
CFAAF,F,귀,A,이통(Earache),AF,비정상 맥박수이지만 혈역학적으로 안정,3
CFAAK,F,귀,A,이통(Earache),AK,전신염증반응증후군(열을 포함한2개의SIRS기준 만족),3
CFAAL,F,귀,A,이통(Earache),AL,열(아파보임),3
CFAAM,F,귀,A,이통(Earache),AM,열(건강해 보임),4
CFABG,F,귀,A,이통(Earache),BG,급성 통증(8-10),3
CFABH,F,귀,A,이통(Earache),BH,급성 통증(4-7),4
CFABJ,F,귀,A,이통(Earache),BJ,만성 통증(8-10),4
CFABI,F,귀,A,이통(Earache),BI,급성 통증(<4),5
CFBBG,F,귀,B,귀의 이물질,BG,급성 통증(8-10),3
CFBBH,F,귀,B,귀의 이물질,BH,급성 통증(4-7),4
CFBBI,F,귀,B,귀의 이물질,BI,급성 통증(<4),5
CFBCA,F,귀,B,귀의 이물질,CA,귀의 이물질,5
CFCCB,F,귀,C,청력손실,CB,"청력소실,급성발병",3
CFCCA,F,귀,C,청력손실,CA,"청력소실,서서히 발병",5
CFDCB,F,귀,D,이명,CB,아스피린 복용 가능성 있음,2
CFDCA,F,귀,D,이명,CA,이명,4
CFEAC,F,귀,E,귀의 삼출물,AC,경증 호흡곤란,3
CFEAF,F,귀,E,귀의 삼출물,AF,비정상 맥박수이지만 혈역학적으로 안정,3
CFEAK,F,귀,E,귀의 삼출물,AK,전신염증반응증후군(열을 포함한2개의SIRS기준 만족),3
CFEAL,F,귀,E,귀의 삼출물,AL,열(아파보임),3
CFEAM,F,귀,E,귀의 삼출물,AM,열(건강해 보임),4
CFFAB,F,귀,F,귀의 손상,AB,중등도 호흡곤란,2
CFFAE,F,귀,F,귀의 손상,AE,혈역학적 장애,2
CFFAH,F,귀,F,귀의 손상,AH,"의식변화(V/P, GCS 9-13)",2
CFFAI,F,귀,F,귀의 손상,AI,"열,면역저하 상태",2
CFFAJ,F,귀,F,귀의 손상,AJ,패혈증 의증(3개 이상의SIRS기준 만족),2
CFFAC,F,귀,F,귀의 손상,AC,경증 호흡곤란,3
CFFAF,F,귀,F,귀의 손상,AF,비정상 맥박수이지만 혈역학적으로 안정,3
CFFAK,F,귀,F,귀의 손상,AK,전신염증반응증후군(열을 포함한2개의SIRS기준 만족),3
CFFAL,F,귀,F,귀의 손상,AL,열(아파보임),3
CFFAM,F,귀,F,귀의 손상,AM,열(건강해 보임),4
CFFBG,F,귀,F,귀의 손상,BG,급성 통증(8-10),3
CFFBM,F,귀,F,귀의 손상,BM,출혈성 질환(중등도나 경도의 출혈),3
CFFBH,F,귀,F,귀의 손상,BH,급성 통증(4-7),4
CFFBI,F,귀,F,귀의 손상,BI,급성 통증(<4),5
CFFCE,F,귀,F,귀의 손상,CE,절단,2
CFFCD,F,귀,F,귀의 손상,CD,"창백하거나 청색증을 동반한 동상,중증",3
CFFCC,F,귀,F,귀의 손상,CC,"색 변화를 동반하지 않은 동상,경증",4
CFFCB,F,귀,F,귀의 손상,CB,봉합이 필요한 열상,4
CFFCA,F,귀,F,귀의 손상,CA,봉합이 불필요한 열상/찰과상,5
CGABG,G,"입,목/얼굴",A,치아/구강 문제,BG,급성 통증(8-10),3
CGABM,G,"입,목/얼굴",A,치아/구강 문제,BM,출혈성 질환(중등도나 경도의 출혈),3
CGABH,G,"입,목/얼굴",A,치아/구강 문제,BH,급성 통증(4-7),4
CGABJ,G,"입,목/얼굴",A,치아/구강 문제,BJ,만성 통증(8-10),4
CGABI,G,"입,목/얼굴",A,치아/구강 문제,BI,급성 통증(<4),5
CGACC,G,"입,목/얼굴",A,치아/구강 문제,CC,치아박리(최근 발생하였으며 온전한 치아가 존재),2
CGACB,G,"입,목/얼굴",A,치아/구강 문제,CB,활력징후가 정상이며 기저 질환이 없는 잇몸출혈,4
CGACA,G,"입,목/얼굴",A,치아/구강 문제,CA,"치아/잇몸 문제,경증문제",5
CGBAA,G,"입,목/얼굴",B,안면외상,AA,중증 호흡곤란,1
CGBAD,G,"입,목/얼굴",B,안면외상,AD,쇼크,1
CGBAG,G,"입,목/얼굴",B,안면외상,AG,"무의식(U, GCS 3-8)",1
CGBAB,G,"입,목/얼굴",B,안면외상,AB,중등도 호흡곤란,2
CGBAE,G,"입,목/얼굴",B,안면외상,AE,혈역학적 장애,2
CGBAH,G,"입,목/얼굴",B,안면외상,AH,"의식변화(V/P, GCS 9-13)",2
CGBAI,G,"입,목/얼굴",B,안면외상,AI,"열,면역저하 상태",2
CGBAJ,G,"입,목/얼굴",B,안면외상,AJ,패혈증 의증(3개 이상의SIRS기준 만족),2
CGBAC,G,"입,목/얼굴",B,안면외상,AC,경증 호흡곤란,3
CGBAF,G,"입,목/얼굴",B,안면외상,AF,비정상 맥박수이지만 혈역학적으로 안정,3
CGBAK,G,"입,목/얼굴",B,안면외상,AK,전신염증반응증후군(열을 포함한2개의SIRS기준 만족),3
CGBAL,G,"입,목/얼굴",B,안면외상,AL,열(아파보임),3
CGBAM,G,"입,목/얼굴",B,안면외상,AM,열(건강해 보임),4
CGBBN,G,"입,목/얼굴",B,안면외상,BN,고위험성 사고기전,2
CGBBG,G,"입,목/얼굴",B,안면외상,BG,급성 통증(8-10),3
CGBBM,G,"입,목/얼굴",B,안면외상,BM,출혈성 질환(중등도나 경도의 출혈),3
CGBBH,G,"입,목/얼굴",B,안면외상,BH,급성 통증(4-7),4
CGBBI,G,"입,목/얼굴",B,안면외상,BI,급성 통증(<4),5
CGCAA,G,"입,목/얼굴",C,인후통,AA,중증 호흡곤란,1
CGCAD,G,"입,목/얼굴",C,인후통,AD,쇼크,1
CGCAG,G,"입,목/얼굴",C,인후통,AG,"무의식(U, GCS 3-8)",1
CGCAB,G,"입,목/얼굴",C,인후통,AB,중등도 호흡곤란,2
CGCAE,G,"입,목/얼굴",C,인후통,AE,혈역학적 장애,2
CGCAH,G,"입,목/얼굴",C,인후통,AH,"의식변화(V/P, GCS 9-13)",2
CGCAI,G,"입,목/얼굴",C,인후통,AI,"열,면역저하 상태",2
CGCAJ,G,"입,목/얼굴",C,인후통,AJ,패혈증 의증(3개 이상의SIRS기준 만족),2
CGCAC,G,"입,목/얼굴",C,인후통,AC,경증 호흡곤란,3
CGCAF,G,"입,목/얼굴",C,인후통,AF,비정상 맥박수이지만 혈역학적으로 안정,3
CGCAK,G,"입,목/얼굴",C,인후통,AK,전신염증반응증후군(열을 포함한2개의SIRS기준 만족),3
CGCAL,G,"입,목/얼굴",C,인후통,AL,열(아파보임),3
CGCAM,G,"입,목/얼굴",C,인후통,AM,열(건강해 보임),4
CGCBA,G,"입,목/얼굴",C,인후통,BA,급성 통증(8-10),2
CGCBB,G,"입,목/얼굴",C,인후통,BB,급성 통증(4-7),3
CGCBD,G,"입,목/얼굴",C,인후통,BD,만성 통증(8-10),3
CGCBC,G,"입,목/얼굴",C,인후통,BC,급성 통증(<4),4
CGCBE,G,"입,목/얼굴",C,인후통,BE,만성 통증(4-7),4
CGCBF,G,"입,목/얼굴",C,인후통,BF,만성 통증(<4),5
CGCCD,G,"입,목/얼굴",C,인후통,CD,침흘림 또는 협착음,2
CGCCC,G,"입,목/얼굴",C,인후통,CC,"입술,혀,입인두의 명백한 부종/부기",2
CGCCB,G,"입,목/얼굴",C,인후통,CB,연하장애,3
CGCCA,G,"입,목/얼굴",C,인후통,CA,경증 인후통±후두염,5
CGDAA,G,"입,목/얼굴",D,목의 부종/통증,AA,중증 호흡곤란,1
CGDAD,G,"입,목/얼굴",D,목의 부종/통증,AD,쇼크,1
CGDAG,G,"입,목/얼굴",D,목의 부종/통증,AG,"무의식(U, GCS 3-8)",1
CGDAB,G,"입,목/얼굴",D,목의 부종/통증,AB,중등도 호흡곤란,2
CGDAE,G,"입,목/얼굴",D,목의 부종/통증,AE,혈역학적 장애,2
CGDAH,G,"입,목/얼굴",D,목의 부종/통증,AH,"의식변화(V/P, GCS 9-13)",2
CGDAI,G,"입,목/얼굴",D,목의 부종/통증,AI,"열,면역저하 상태",2
CGDAJ,G,"입,목/얼굴",D,목의 부종/통증,AJ,패혈증 의증(3개 이상의SIRS기준 만족),2
CGDAC,G,"입,목/얼굴",D,목의 부종/통증,AC,경증 호흡곤란,3
CGDAF,G,"입,목/얼굴",D,목의 부종/통증,AF,비정상 맥박수이지만 혈역학적으로 안정,3
CGDAK,G,"입,목/얼굴",D,목의 부종/통증,AK,전신염증반응증후군(열을 포함한2개의SIRS기준 만족),3
CGDAL,G,"입,목/얼굴",D,목의 부종/통증,AL,열(아파보임),3
CGDAM,G,"입,목/얼굴",D,목의 부종/통증,AM,열(건강해 보임),4
CGDBA,G,"입,목/얼굴",D,목의 부종/통증,BA,급성 통증(8-10),2
CGDBB,G,"입,목/얼굴",D,목의 부종/통증,BB,급성 통증(4-7),3
CGDBD,G,"입,목/얼굴",D,목의 부종/통증,BD,만성 통증(8-10),3
CGDBC,G,"입,목/얼굴",D,목의 부종/통증,BC,급성 통증(<4),4
CGDBE,G,"입,목/얼굴",D,목의 부종/통증,BE,만성 통증(4-7),4
CGDBF,G,"입,목/얼굴",D,목의 부종/통증,BF,만성 통증(<4),5
CGDCB,G,"입,목/얼굴",D,목의 부종/통증,CB,경부강직/수막자극증±열,2
CGEAA,G,"입,목/얼굴",E,목의 외상,AA,중증 호흡곤란,1
CGEAD,G,"입,목/얼굴",E,목의 외상,AD,쇼크,1
CGEAG,G,"입,목/얼굴",E,목의 외상,AG,"무의식(U, GCS 3-8)",1
CGEAB,G,"입,목/얼굴",E,목의 외상,AB,중등도 호흡곤란,2
CGEAE,G,"입,목/얼굴",E,목의 외상,AE,혈역학적 장애,2
CGEAH,G,"입,목/얼굴",E,목의 외상,AH,"의식변화(V/P, GCS 9-13)",2
CGEAI,G,"입,목/얼굴",E,목의 외상,AI,"열,면역저하 상태",2
CGEAJ,G,"입,목/얼굴",E,목의 외상,AJ,패혈증 의증(3개 이상의SIRS기준 만족),2
CGEAE,G,"입,목/얼굴",E,목의 외상,AE,경증호흡곤란,3
CGEAF,G,"입,목/얼굴",E,목의 외상,AF,비정상 맥박수이지만 혈역학적으로 안정,3
CGEAK,G,"입,목/얼굴",E,목의 외상,AK,전신염증반응증후군(열을 포함한2개의SIRS기준 만족),3
CGEAL,G,"입,목/얼굴",E,목의 외상,AL,열(아파보임),3
CGEAM,G,"입,목/얼굴",E,목의 외상,AM,열(건강해 보임),4
CGEBA,G,"입,목/얼굴",E,목의 외상,BA,급성 통증(8-10),2
CGEBL,G,"입,목/얼굴",E,목의 외상,BL,출혈성 질환(생명 혹은 사지를 소실할 정도의 위급한 출혈),2
CGEBN,G,"입,목/얼굴",E,목의 외상,BN,고위험성 사고기전,2
CGEBB,G,"입,목/얼굴",E,목의 외상,BB,급성 통증(4-7),3
CGEBM,G,"입,목/얼굴",E,목의 외상,BM,출혈성 질환(중등도나 경도의 출혈),3
CGEBC,G,"입,목/얼굴",E,목의 외상,BC,급성 통증(<4),4
CGECB,G,"입,목/얼굴",E,목의 외상,CB,"이상감각,신경학적 징후",2
CGECA,G,"입,목/얼굴",E,목의 외상,CA,목쉰소리와 언어장애,2
CGFAA,G,"입,목/얼굴",F,연하장애/연하곤란,AA,중증 호흡곤란,1
CGFAD,G,"입,목/얼굴",F,연하장애/연하곤란,AD,쇼크,1
CGFAG,G,"입,목/얼굴",F,연하장애/연하곤란,AG,"무의식(U, GCS 3-8)",1
CGFAB,G,"입,목/얼굴",F,연하장애/연하곤란,AB,중등도 호흡곤란,2
CGFAE,G,"입,목/얼굴",F,연하장애/연하곤란,AE,혈역학적 장애,2
CGFAH,G,"입,목/얼굴",F,연하장애/연하곤란,AH,"의식변화(V/P, GCS 9-13)",2
CGFAI,G,"입,목/얼굴",F,연하장애/연하곤란,AI,"열,면역저하 상태",2
CGFAJ,G,"입,목/얼굴",F,연하장애/연하곤란,AJ,패혈증 의증(3개 이상의SIRS기준 만족),2
CGFAC,G,"입,목/얼굴",F,연하장애/연하곤란,AC,경증 호흡곤란,3
CGFAF,G,"입,목/얼굴",F,연하장애/연하곤란,AF,비정상 맥박수이지만 혈역학적으로 안정,3
CGFAK,G,"입,목/얼굴",F,연하장애/연하곤란,AK,전신염증반응증후군(열을 포함한2개의SIRS기준 만족),3
CGFAL,G,"입,목/얼굴",F,연하장애/연하곤란,AL,열(아파보임),3
CGFAM,G,"입,목/얼굴",F,연하장애/연하곤란,AM,열(건강해 보임),4
CGFBA,G,"입,목/얼굴",F,연하장애/연하곤란,BA,급성 통증(8-10),2
CGFBB,G,"입,목/얼굴",F,연하장애/연하곤란,BB,급성 통증(4-7),3
CGFBC,G,"입,목/얼굴",F,연하장애/연하곤란,BC,급성 통증(<4),4
CGFCB,G,"입,목/얼굴",F,연하장애/연하곤란,CB,침흘림 또는 협착음,2
CGFCA,G,"입,목/얼굴",F,연하장애/연하곤란,CA,이물질의 가능성,3
CGGAB,G,"입,목/얼굴",G,안면 통증(비외상성/비치아성),AB,중등도 호흡곤란,2
CGGAE,G,"입,목/얼굴",G,안면 통증(비외상성/비치아성),AE,혈역학적 장애,2
CGGAH,G,"입,목/얼굴",G,안면 통증(비외상성/비치아성),AH,"의식변화(V/P, GCS 9-13)",2
CGGAI,G,"입,목/얼굴",G,안면 통증(비외상성/비치아성),AI,"열,면역저하 상태",2
CGGAJ,G,"입,목/얼굴",G,안면 통증(비외상성/비치아성),AJ,패혈증 의증(3개 이상의SIRS기준 만족),2
CGGAC,G,"입,목/얼굴",G,안면 통증(비외상성/비치아성),AC,경증 호흡곤란,3
CGGAF,G,"입,목/얼굴",G,안면 통증(비외상성/비치아성),AF,비정상 맥박수이지만 혈역학적으로 안정,3
CGGAK,G,"입,목/얼굴",G,안면 통증(비외상성/비치아성),AK,전신염증반응증후군(열을 포함한2개의SIRS기준 만족),3
CGGAL,G,"입,목/얼굴",G,안면 통증(비외상성/비치아성),AL,열(아파보임),3
CGGAM,G,"입,목/얼굴",G,안면 통증(비외상성/비치아성),AM,열(건강해 보임),4
CGGBG,G,"입,목/얼굴",G,안면 통증(비외상성/비치아성),BG,급성 통증(8-10),3
CGGBH,G,"입,목/얼굴",G,안면 통증(비외상성/비치아성),BH,급성 통증(4-7),4
CGGBJ,G,"입,목/얼굴",G,안면 통증(비외상성/비치아성),BJ,만성 통증(8-10),4
CGGBI,G,"입,목/얼굴",G,안면 통증(비외상성/비치아성),BI,급성 통증(<4),5
CGGBK,G,"입,목/얼굴",G,안면 통증(비외상성/비치아성),BK,만성 통증(<8),5
CHAAA,H,호흡기계,A,숨참,AA,중증 호흡곤란,1
CHAAD,H,호흡기계,A,숨참,AD,쇼크,1
CHAAG,H,호흡기계,A,숨참,AG,"무의식(U, GCS 3-8)",1
CHAAB,H,호흡기계,A,숨참,AB,중등도 호흡곤란,2
CHAAE,H,호흡기계,A,숨참,AE,혈역학적 장애,2
CHAAH,H,호흡기계,A,숨참,AH,"의식변화(V/P, GCS 9-13)",2
CHAAI,H,호흡기계,A,숨참,AI,"열,면역저하 상태",2
CHAAJ,H,호흡기계,A,숨참,AJ,패혈증 의증(3개 이상의SIRS기준 만족),2
CHAAC,H,호흡기계,A,숨참,AC,경증 호흡곤란,3
CHAAF,H,호흡기계,A,숨참,AF,비정상 맥박수이지만 혈역학적으로 안정,3
CHAAK,H,호흡기계,A,숨참,AK,전신염증반응증후군(열을 포함한2개의SIRS기준 만족),3
CHAAL,H,호흡기계,A,숨참,AL,열(아파보임),3
CHAAM,H,호흡기계,A,숨참,AM,열(건강해 보임),4
CHACC,H,호흡기계,A,숨참,CC,FEV1혹은PEFR이40%미만으로 예상 되는 천식 환자(중증),2
CHACB,H,호흡기계,A,숨참,CB,FEV1혹은PEFR이40-60%로 예상되는 천식 환자(중등도),3
CHACA,H,호흡기계,A,숨참,CA,FEV1혹은PEFR이60%이상으로 예상되는 천식 환자(경증),4
CHBCA,H,호흡기계,B,호흡정지,CA,호흡정지,1
CHCAA,H,호흡기계,C,과다호흡증후군,AA,중증 호흡곤란,1
CHCAD,H,호흡기계,C,과다호흡증후군,AD,쇼크,1
CHCAG,H,호흡기계,C,과다호흡증후군,AG,"무의식(U, GCS 3-8)",1
CHCAB,H,호흡기계,C,과다호흡증후군,AB,중등도 호흡곤란,2
CHCAE,H,호흡기계,C,과다호흡증후군,AE,혈역학적 장애,2
CHCAH,H,호흡기계,C,과다호흡증후군,AH,"의식변화(V/P, GCS 9-13)",2
CHCAI,H,호흡기계,C,과다호흡증후군,AI,"열,면역저하 상태",2
CHCAJ,H,호흡기계,C,과다호흡증후군,AJ,패혈증 의증(3개 이상의SIRS기준 만족),2
CHCAC,H,호흡기계,C,과다호흡증후군,AC,경증 호흡곤란,3
CHCAF,H,호흡기계,C,과다호흡증후군,AF,비정상 맥박수이지만 혈역학적으로 안정,3
CHCAK,H,호흡기계,C,과다호흡증후군,AK,전신염증반응증후군(열을 포함한2개의SIRS기준 만족),3
CHCAL,H,호흡기계,C,과다호흡증후군,AL,열(아파보임),3
CHCAM,H,호흡기계,C,과다호흡증후군,AM,열(건강해 보임),4
CHCCA,H,호흡기계,C,과다호흡증후군,CA,"회복된 과다호흡증후군,건강해보임",4
CHDAA,H,호흡기계,D,객혈,AA,중증 호흡곤란,1
CHDAD,H,호흡기계,D,객혈,AD,쇼크,1
CHDAG,H,호흡기계,D,객혈,AG,"무의식(U, GCS 3-8)",1
CHDAB,H,호흡기계,D,객혈,AB,중등도 호흡곤란,2
CHDAE,H,호흡기계,D,객혈,AE,혈역학적 장애,2
CHDAH,H,호흡기계,D,객혈,AH,"의식변화(V/P, GCS 9-13)",2
CHDAI,H,호흡기계,D,객혈,AI,"열,면역저하 상태",2
CHDAJ,H,호흡기계,D,객혈,AJ,패혈증 의증(3개 이상의SIRS기준 만족),2
CHDAC,H,호흡기계,D,객혈,AC,경증 호흡곤란,3
CHDAF,H,호흡기계,D,객혈,AF,비정상 맥박수이지만 혈역학적으로 안정,3
CHDAK,H,호흡기계,D,객혈,AK,전신염증반응증후군(열을 포함한2개의SIRS기준 만족),3
CHDAL,H,호흡기계,D,객혈,AL,열(아파보임),3
CHDAM,H,호흡기계,D,객혈,AM,열(건강해 보임),4
CHDBL,H,호흡기계,D,객혈,BL,출혈성 질환(생명 혹은 사지를 소실할 정도의 위급한 출혈),2
CHDBM,H,호흡기계,D,객혈,BM,출혈성 질환(중등도나 경도의 출혈),3
CHDCA,H,호흡기계,D,객혈,CA,"객혈,건강해보임",4
CHEAB,H,호흡기계,E,기침/코막힘,AB,중등도 호흡곤란,2
CHEAE,H,호흡기계,E,기침/코막힘,AE,혈역학적 장애,2
CHEAH,H,호흡기계,E,기침/코막힘,AH,"의식변화(V/P, GCS 9-13)",2
CHEAI,H,호흡기계,E,기침/코막힘,AI,"열,면역저하 상태",2
CHEAJ,H,호흡기계,E,기침/코막힘,AJ,패혈증 의증(3개 이상의SIRS기준 만족),2
CHEAC,H,호흡기계,E,기침/코막힘,AC,경증 호흡곤란,3
CHEAF,H,호흡기계,E,기침/코막힘,AF,비정상 맥박수이지만 혈역학적으로 안정,3
CHEAK,H,호흡기계,E,기침/코막힘,AK,전신염증반응증후군(열을 포함한2개의SIRS기준 만족),3
CHEAL,H,호흡기계,E,기침/코막힘,AL,열(아파보임),3
CHEAM,H,호흡기계,E,기침/코막힘,AM,열(건강해 보임),4
CHECA,H,호흡기계,E,기침/코막힘,CA,"만성기침/코막힘,정상 활력징후",5
CHFAA,H,호흡기계,F,호흡기 이물질,AA,중증 호흡곤란,1
CHFAD,H,호흡기계,F,호흡기 이물질,AD,쇼크,1
CHFAG,H,호흡기계,F,호흡기 이물질,AG,"무의식(U, GCS 3-8)",1
CHFAB,H,호흡기계,F,호흡기 이물질,AB,중등도 호흡곤란,2
CHFAE,H,호흡기계,F,호흡기 이물질,AE,혈역학적 장애,2
CHFAH,H,호흡기계,F,호흡기 이물질,AH,"의식변화(V/P, GCS 9-13)",2
CHFAI,H,호흡기계,F,호흡기 이물질,AI,"열,면역저하 상태",2
CHFAJ,H,호흡기계,F,호흡기 이물질,AJ,패혈증 의증(3개 이상의SIRS기준 만족),2
CHFAC,H,호흡기계,F,호흡기 이물질,AC,경증 호흡곤란,3
CHFAF,H,호흡기계,F,호흡기 이물질,AF,비정상 맥박수이지만 혈역학적으로 안정,3
CHFAK,H,호흡기계,F,호흡기 이물질,AK,전신염증반응증후군(열을 포함한2개의SIRS기준 만족),3
CHFAL,H,호흡기계,F,호흡기 이물질,AL,열(아파보임),3
CHFAM,H,호흡기계,F,호흡기 이물질,AM,열(건강해 보임),4
CHFBA,H,호흡기계,F,호흡기 이물질,BA,급성 통증(8-10),2
CHFBB,H,호흡기계,F,호흡기 이물질,BB,급성 통증(4-7),3
CHFBC,H,호흡기계,F,호흡기 이물질,BC,급성 통증(<4),4
CHFCE,H,호흡기계,F,호흡기 이물질,CE,침흘림 또는 협착음,2
CHFCD,H,호흡기계,F,호흡기 이물질,CD,목쉰소리와 언어장애,2
CHFCC,H,호흡기계,F,호흡기 이물질,CC,"단추형 건전지,뾰족한 물건 등 치료적 내시경을 고려해야 하는 경우",2
CHFCB,H,호흡기계,F,호흡기 이물질,CB,호흡곤란 없는 연하장애,3
CHFCA,H,호흡기계,F,호흡기 이물질,CA,"호흡기 이물질,다른 동반증상 없음.",4
CHGAA,H,호흡기계,G,알레르기반응,AA,중증 호흡곤란,1
CHGAD,H,호흡기계,G,알레르기반응,AD,쇼크,1
CHGAG,H,호흡기계,G,알레르기반응,AG,"무의식(U, GCS 3-8)",1
CHGAB,H,호흡기계,G,알레르기반응,AB,중등도 호흡곤란,2
CHGAE,H,호흡기계,G,알레르기반응,AE,혈역학적 장애,2
CHGAH,H,호흡기계,G,알레르기반응,AH,"의식변화(V/P, GCS 9-13)",2
CHGAI,H,호흡기계,G,알레르기반응,AI,"열,면역저하 상태",2
CHGAJ,H,호흡기계,G,알레르기반응,AJ,패혈증 의증(3개 이상의SIRS기준 만족),2
CHGAC,H,호흡기계,G,알레르기반응,AC,경증 호흡곤란,3
CHGAF,H,호흡기계,G,알레르기반응,AF,비정상 맥박수이지만 혈역학적으로 안정,3
CHGAK,H,호흡기계,G,알레르기반응,AK,전신염증반응증후군(열을 포함한2개의SIRS기준 만족),3
CHGAL,H,호흡기계,G,알레르기반응,AL,열(아파보임),3
CHGAM,H,호흡기계,G,알레르기반응,AM,열(건강해 보임),4
CHGBG,H,호흡기계,G,알레르기반응,BG,급성 통증(8-10),3
CHGBH,H,호흡기계,G,알레르기반응,BH,급성 통증(4-7),4
CHGBI,H,호흡기계,G,알레르기반응,BI,급성 통증(<4),5
CHGCE,H,호흡기계,G,알레르기반응,CE,이전 중증의 기왕력,2
CHGCD,H,호흡기계,G,알레르기반응,CD,아나필락시스(anaphylaxis),2
CHGCC,H,호흡기계,G,알레르기반응,CC,혈관부종(angioedma),3
CHGCB,H,호흡기계,G,알레르기반응,CB,두드러기(urticaria),4
CHGCA,H,호흡기계,G,알레르기반응,CA,코막힘을 동반한 알레르기 비염,5
CIACB,I,심혈관계,A,심정지(비외상성),CB,심정지(비외상성),1
CIACA,I,심혈관계,A,심정지(비외상성),CA,심폐소생술의 대상이 아닌 경우,5
CIBCB,I,심혈관계,B,심정지(외상성),CB,심정지(외상성),1
CIBCA,I,심혈관계,B,심정지(외상성),CA,심폐소생술의 대상이 아닌 경우,5
CICAA,I,심혈관계,C,흉통(심장성),AA,중증 호흡곤란,1
CICAD,I,심혈관계,C,흉통(심장성),AD,쇼크,1
CICAG,I,심혈관계,C,흉통(심장성),AG,"무의식(U, GCS 3-8)",1
CICAB,I,심혈관계,C,흉통(심장성),AB,중등도 호흡곤란,2
CICAE,I,심혈관계,C,흉통(심장성),AE,혈역학적 장애,2
CICAH,I,심혈관계,C,흉통(심장성),AH,"의식변화(V/P, GCS 9-13)",2
CICAI,I,심혈관계,C,흉통(심장성),AI,"열,면역저하 상태",2
CICAJ,I,심혈관계,C,흉통(심장성),AJ,패혈증 의증(3개 이상의SIRS기준 만족),2
CICCA,I,심혈관계,C,흉통(심장성),CA,심장성 통증,2
CIDAA,I,심혈관계,D,흉통(비심장성),AA,중증 호흡곤란,1
CIDAD,I,심혈관계,D,흉통(비심장성),AD,쇼크,1
CIDAG,I,심혈관계,D,흉통(비심장성),AG,"무의식(U, GCS 3-8)",1
CIDAB,I,심혈관계,D,흉통(비심장성),AB,중등도 호흡곤란,2
CIDAE,I,심혈관계,D,흉통(비심장성),AE,혈역학적 장애,2
CIDAH,I,심혈관계,D,흉통(비심장성),AH,"의식변화(V/P, GCS 9-13)",2
CIDAI,I,심혈관계,D,흉통(비심장성),AI,"열,면역저하 상태",2
CIDAJ,I,심혈관계,D,흉통(비심장성),AJ,패혈증 의증(3개 이상의SIRS기준 만족),2
CIDAC,I,심혈관계,D,흉통(비심장성),AC,경증 호흡곤란,3
CIDAF,I,심혈관계,D,흉통(비심장성),AF,비정상 맥박수이지만 혈역학적으로 안정,3
CIDAK,I,심혈관계,D,흉통(비심장성),AK,전신염증반응증후군(열을 포함한2개의SIRS기준 만족),3
CIDAL,I,심혈관계,D,흉통(비심장성),AL,열(아파보임),3
CIDAM,I,심혈관계,D,흉통(비심장성),AM,열(건강해 보임),4
CIDBA,I,심혈관계,D,흉통(비심장성),BA,급성 통증(8-10),2
CIDBB,I,심혈관계,D,흉통(비심장성),BB,급성 통증(4-7),3
CIDBD,I,심혈관계,D,흉통(비심장성),BD,만성 통증(8-10),3
CIDBC,I,심혈관계,D,흉통(비심장성),BC,급성 통증(<4),4
CIDBE,I,심혈관계,D,흉통(비심장성),BE,만성 통증(4-7),4
CIDBF,I,심혈관계,D,흉통(비심장성),BF,만성 통증(<4),5
CIDCB,I,심혈관계,D,흉통(비심장성),CB,"기타 심각한 가슴 통증(잡아째는,찢어지는 통증)",2
CIDCA,I,심혈관계,D,흉통(비심장성),CA,"가슴통증,비 심장성",5
CIEAA,I,심혈관계,E,심계항진/불규칙한 심장박동,AA,중증 호흡곤란,1
CIEAD,I,심혈관계,E,심계항진/불규칙한 심장박동,AD,쇼크,1
CIEAG,I,심혈관계,E,심계항진/불규칙한 심장박동,AG,"무의식(U, GCS 3-8)",1
CIEAB,I,심혈관계,E,심계항진/불규칙한 심장박동,AB,중등도 호흡곤란,2
CIEAE,I,심혈관계,E,심계항진/불규칙한 심장박동,AE,혈역학적 장애,2
CIEAH,I,심혈관계,E,심계항진/불규칙한 심장박동,AH,"의식변화(V/P, GCS 9-13)",2
CIEAI,I,심혈관계,E,심계항진/불규칙한 심장박동,AI,"열,면역저하 상태",2
CIEAJ,I,심혈관계,E,심계항진/불규칙한 심장박동,AJ,패혈증 의증(3개 이상의SIRS기준 만족),2
CIEAC,I,심혈관계,E,심계항진/불규칙한 심장박동,AC,경증 호흡곤란,3
CIEAF,I,심혈관계,E,심계항진/불규칙한 심장박동,AF,비정상 맥박수이지만 혈역학적으로 안정,3
CIEAK,I,심혈관계,E,심계항진/불규칙한 심장박동,AK,전신염증반응증후군(열을 포함한2개의SIRS기준 만족),3
CIEAL,I,심혈관계,E,심계항진/불규칙한 심장박동,AL,열(아파보임),3
CIECD,I,심혈관계,E,심계항진/불규칙한 심장박동,CD,심장성 가슴통증,2
CIECC,I,심혈관계,E,심계항진/불규칙한 심장박동,CC,치명적일 수 있는 부정맥의 병력이나 기록,2
CIECB,I,심혈관계,E,심계항진/불규칙한 심장박동,CB,"급성발병,지속되는 증상",3
CIECA,I,심혈관계,E,심계항진/불규칙한 심장박동,CA,"심계항진 병력,현재는 회복된 상태",4
CIFAA,I,심혈관계,F,고혈압,AA,중증 호흡곤란,1
CIFAD,I,심혈관계,F,고혈압,AD,쇼크,1
CIFAG,I,심혈관계,F,고혈압,AG,"무의식(U, GCS 3-8)",1
CIFAB,I,심혈관계,F,고혈압,AB,중등도 호흡곤란,2
CIFAE,I,심혈관계,F,고혈압,AE,혈역학적 장애,2
CIFAH,I,심혈관계,F,고혈압,AH,"의식변화(V/P, GCS 9-13)",2
CIFAI,I,심혈관계,F,고혈압,AI,"열,면역저하 상태",2
CIFAJ,I,심혈관계,F,고혈압,AJ,패혈증 의증(3개 이상의SIRS기준 만족),2
CIFAC,I,심혈관계,F,고혈압,AC,경증 호흡곤란,3
CIFAF,I,심혈관계,F,고혈압,AF,비정상 맥박수이지만 혈역학적으로 안정,3
CIFAK,I,심혈관계,F,고혈압,AK,전신염증반응증후군(열을 포함한2개의SIRS기준 만족),3
CIFAL,I,심혈관계,F,고혈압,AL,열(아파보임),3
CIFCD,I,심혈관계,F,고혈압,CD,"고혈압(수축기혈압≥220혹은 이완기혈압≥130)+다음 중 한가지 존재(숨참,가슴통증,혼미,급성두통,구역/구토)",2
CIFCC,I,심혈관계,F,고혈압,CC,"고혈압(수축기혈압≥220혹은 이완기혈압≥130),동반된 다른 증상 없음",3
CIFCB,I,심혈관계,F,고혈압,CB,"고혈압(수축기혈압200-220그리고 이완기혈압110-130),고혈압 증상 동반",3
CIFCA,I,심혈관계,F,고혈압,CA,"고혈압(수축기혈압200-220그리고 이완기혈압110-130),무증상",4
CIGAA,I,심혈관계,G,전신쇠약,AA,중증 호흡곤란,1
CIGAD,I,심혈관계,G,전신쇠약,AD,쇼크,1
CIGAG,I,심혈관계,G,전신쇠약,AG,"무의식(U, GCS 3-8)",1
CIGAB,I,심혈관계,G,전신쇠약,AB,중등도 호흡곤란,2
CIGAE,I,심혈관계,G,전신쇠약,AE,혈역학적 장애,2
CIGAH,I,심혈관계,G,전신쇠약,AH,"의식변화(V/P, GCS 9-13)",2
CIGAI,I,심혈관계,G,전신쇠약,AI,"열,면역저하 상태",2
CIGAJ,I,심혈관계,G,전신쇠약,AJ,패혈증 의증(3개 이상의SIRS기준 만족),2
CIGAC,I,심혈관계,G,전신쇠약,AC,경증 호흡곤란,3
CIGAF,I,심혈관계,G,전신쇠약,AF,비정상 맥박수이지만 혈역학적으로 안정,3
CIGAK,I,심혈관계,G,전신쇠약,AK,전신염증반응증후군(열을 포함한2개의SIRS기준 만족),3
CIGAL,I,심혈관계,G,전신쇠약,AL,열(아파보임),3
CIGAM,I,심혈관계,G,전신쇠약,AM,열(건강해 보임),4
CIGCF,I,심혈관계,G,전신쇠약,CF,중증 탈수,1
CIGCE,I,심혈관계,G,전신쇠약,CE,중등도 탈수,2
CIGCD,I,심혈관계,G,전신쇠약,CD,갑자기 보행이 어려움,3
CIGCC,I,심혈관계,G,전신쇠약,CC,경증탈수,3
CIGCB,I,심혈관계,G,전신쇠약,CB,탈수의 가능성 있음,4
CIGCA,I,심혈관계,G,전신쇠약,CA,만성쇠약,4
CIHAA,I,심혈관계,H,실신/전실신,AA,중증 호흡곤란,1
CIHAD,I,심혈관계,H,실신/전실신,AD,쇼크,1
CIHAG,I,심혈관계,H,실신/전실신,AG,"무의식(U, GCS 3-8)",1
CIHAB,I,심혈관계,H,실신/전실신,AB,중등도 호흡곤란,2
CIHAE,I,심혈관계,H,실신/전실신,AE,혈역학적 장애,2
CIHAH,I,심혈관계,H,실신/전실신,AH,"의식변화(V/P, GCS 9-13)",2
CIHAI,I,심혈관계,H,실신/전실신,AI,"열,면역저하 상태",2
CIHAJ,I,심혈관계,H,실신/전실신,AJ,패혈증 의증(3개 이상의SIRS기준 만족),2
CIHAC,I,심혈관계,H,실신/전실신,AC,경증 호흡곤란,3
CIHAF,I,심혈관계,H,실신/전실신,AF,비정상 맥박수이지만 혈역학적으로 안정,3
CIHAK,I,심혈관계,H,실신/전실신,AK,전신염증반응증후군(열을 포함한2개의SIRS기준 만족),3
CIHAL,I,심혈관계,H,실신/전실신,AL,열(아파보임),3
CIHCF,I,심혈관계,H,실신/전실신,CF,"새로 발병한 부정맥,불규칙 맥박/맥박수의 변화",2
CIHCE,I,심혈관계,H,실신/전실신,CE,전구증상 없음,2
CIHCD,I,심혈관계,H,실신/전실신,CD,운동 중 발생함,2
CIHCC,I,심혈관계,H,실신/전실신,CC,전구증상 동반 또는 급격한 자세 변화시 발병,3
CIHCB,I,심혈관계,H,실신/전실신,CB,의식소실의 병력,3
CIHCA,I,심혈관계,H,실신/전실신,CA,"정상 활력,증상회복",4
CIIAA,I,심혈관계,I,전신부종,AA,중증 호흡곤란,1
CIIAD,I,심혈관계,I,전신부종,AD,쇼크,1
CIIAG,I,심혈관계,I,전신부종,AG,"무의식(U, GCS 3-8)",1
CIIAB,I,심혈관계,I,전신부종,AB,중등도 호흡곤란,2
CIIAE,I,심혈관계,I,전신부종,AE,혈역학적 장애,2
CIIAH,I,심혈관계,I,전신부종,AH,"의식변화(V/P, GCS 9-13)",2
CIIAI,I,심혈관계,I,전신부종,AI,"열,면역저하 상태",2
CIIAJ,I,심혈관계,I,전신부종,AJ,패혈증 의증(3개 이상의SIRS기준 만족),2
CIIAC,I,심혈관계,I,전신부종,AC,경증 호흡곤란,3
CIIAF,I,심혈관계,I,전신부종,AF,비정상 맥박수이지만 혈역학적으로 안정,3
CIIAK,I,심혈관계,I,전신부종,AK,전신염증반응증후군(열을 포함한2개의SIRS기준 만족),3
CIIAL,I,심혈관계,I,전신부종,AL,열(아파보임),3
CIICA,I,심혈관계,I,전신부종,CA,"전신 부종,정상 활력징후",4
CIJAB,I,심혈관계,J,다리 부기/부종,AB,중등도 호흡곤란,2
CIJAE,I,심혈관계,J,다리 부기/부종,AE,혈역학적 장애,2
CIJAH,I,심혈관계,J,다리 부기/부종,AH,"의식변화(V/P, GCS 9-13)",2
CIJAI,I,심혈관계,J,다리 부기/부종,AI,"열,면역저하 상태",2
CIJAJ,I,심혈관계,J,다리 부기/부종,AJ,패혈증 의증(3개 이상의SIRS기준 만족),2
CIJAC,I,심혈관계,J,다리 부기/부종,AC,경증 호흡곤란,3
CIJAF,I,심혈관계,J,다리 부기/부종,AF,비정상 맥박수이지만 혈역학적으로 안정,3
CIJAK,I,심혈관계,J,다리 부기/부종,AK,전신염증반응증후군(열을 포함한2개의SIRS기준 만족),3
CIJAL,I,심혈관계,J,다리 부기/부종,AL,열(아파보임),3
CIJAM,I,심혈관계,J,다리 부기/부종,AM,열(건강해 보임),4
CIJBG,I,심혈관계,J,다리 부기/부종,BG,급성 통증(8-10),3
CIJBH,I,심혈관계,J,다리 부기/부종,BH,급성 통증(4-7),4
CIJBJ,I,심혈관계,J,다리 부기/부종,BJ,만성 통증(8-10),4
CIJBI,I,심혈관계,J,다리 부기/부종,BI,급성 통증(<4),5
CIJBK,I,심혈관계,J,다리 부기/부종,BK,만성 통증(<8),5
CIJCC,I,심혈관계,J,다리 부기/부종,CC,일측성 다리 부기/부종,3
CIJCB,I,심혈관계,J,다리 부기/부종,CB,양측성 다리부기/부종,5
CIJCA,I,심혈관계,J,다리 부기/부종,CA,만성,5
CIKAA,I,심혈관계,K,맥박이 없거나 차가운 사지,AA,중증 호흡곤란,1
CIKAD,I,심혈관계,K,맥박이 없거나 차가운 사지,AD,쇼크,1
CIKAG,I,심혈관계,K,맥박이 없거나 차가운 사지,AG,"무의식(U, GCS 3-8)",1
CIKAB,I,심혈관계,K,맥박이 없거나 차가운 사지,AB,중등도 호흡곤란,2
CIKAE,I,심혈관계,K,맥박이 없거나 차가운 사지,AE,혈역학적 장애,2
CIKAH,I,심혈관계,K,맥박이 없거나 차가운 사지,AH,"의식변화(V/P, GCS 9-13)",2
CIKAI,I,심혈관계,K,맥박이 없거나 차가운 사지,AI,"열,면역저하 상태",2
CIKAJ,I,심혈관계,K,맥박이 없거나 차가운 사지,AJ,패혈증 의증(3개 이상의SIRS기준 만족),2
CIKCB,I,심혈관계,K,맥박이 없거나 차가운 사지,CB,사지 말단에 맥박이 없음,2
CIKCA,I,심혈관계,K,맥박이 없거나 차가운 사지,CA,사지가 차가움,2
CILAB,I,심혈관계,L,일측성의 홍조 띤 뜨거운 사지,AB,중등도 호흡곤란,2
CILAE,I,심혈관계,L,일측성의 홍조 띤 뜨거운 사지,AE,혈역학적 장애,2
CILAH,I,심혈관계,L,일측성의 홍조 띤 뜨거운 사지,AH,"의식변화(V/P, GCS 9-13)",2
CILAI,I,심혈관계,L,일측성의 홍조 띤 뜨거운 사지,AI,"열,면역저하 상태",2
CILAJ,I,심혈관계,L,일측성의 홍조 띤 뜨거운 사지,AJ,패혈증 의증(3개 이상의SIRS기준 만족),2
CILAC,I,심혈관계,L,일측성의 홍조 띤 뜨거운 사지,AC,경증 호흡곤란,3
CILAF,I,심혈관계,L,일측성의 홍조 띤 뜨거운 사지,AF,비정상 맥박수이지만 혈역학적으로 안정,3
CILAK,I,심혈관계,L,일측성의 홍조 띤 뜨거운 사지,AK,전신염증반응증후군(열을 포함한2개의SIRS기준 만족),3
CILAL,I,심혈관계,L,일측성의 홍조 띤 뜨거운 사지,AL,열(아파보임),3
CILAM,I,심혈관계,L,일측성의 홍조 띤 뜨거운 사지,AM,열(건강해 보임),4
CILBG,I,심혈관계,L,일측성의 홍조 띤 뜨거운 사지,BG,급성 통증(8-10),3
CILBH,I,심혈관계,L,일측성의 홍조 띤 뜨거운 사지,BH,급성 통증(4-7),4
CILBI,I,심혈관계,L,일측성의 홍조 띤 뜨거운 사지,BI,급성 통증(<4),5
CILCB,I,심혈관계,L,일측성의 홍조 띤 뜨거운 사지,CB,광범위한 염증,3
CILCA,I,심혈관계,L,일측성의 홍조 띤 뜨거운 사지,CA,국소성 염증,4
CJAAA,J,소화기계,A,복통,AA,중증 호흡곤란,1
CJAAD,J,소화기계,A,복통,AD,쇼크,1
CJAAG,J,소화기계,A,복통,AG,"무의식(U, GCS 3-8)",1
CJAAB,J,소화기계,A,복통,AB,중등도 호흡곤란,2
CJAAE,J,소화기계,A,복통,AE,혈역학적 장애,2
CJAAH,J,소화기계,A,복통,AH,"의식변화(V/P, GCS 9-13)",2
CJAAI,J,소화기계,A,복통,AI,"열,면역저하 상태",2
CJAAJ,J,소화기계,A,복통,AJ,패혈증 의증(3개 이상의SIRS기준 만족),2
CJAAC,J,소화기계,A,복통,AC,경증 호흡곤란,3
CJAAF,J,소화기계,A,복통,AF,비정상 맥박수이지만 혈역학적으로 안정,3
CJAAK,J,소화기계,A,복통,AK,전신염증반응증후군(열을 포함한2개의SIRS기준 만족),3
CJAAL,J,소화기계,A,복통,AL,열(아파보임),3
CJAAM,J,소화기계,A,복통,AM,열(건강해 보임),4
CJABA,J,소화기계,A,복통,BA,급성 통증(8-10),2
CJABB,J,소화기계,A,복통,BB,급성 통증(4-7),3
CJABD,J,소화기계,A,복통,BD,만성 통증(8-10),3
CJABC,J,소화기계,A,복통,BC,급성 통증(<4),4
CJABE,J,소화기계,A,복통,BE,만성 통증(4-7),4
CJABF,J,소화기계,A,복통,BF,만성 통증(<4),5
CJBAB,J,소화기계,B,식욕부진,AB,중등도 호흡곤란,2
CJBAE,J,소화기계,B,식욕부진,AE,혈역학적 장애,2
CJBAH,J,소화기계,B,식욕부진,AH,"의식변화(V/P, GCS 9-13)",2
CJBAI,J,소화기계,B,식욕부진,AI,"열,면역저하 상태",2
CJBAJ,J,소화기계,B,식욕부진,AJ,패혈증 의증(3개 이상의SIRS기준 만족),2
CJBAC,J,소화기계,B,식욕부진,AC,경증 호흡곤란,3
CJBAF,J,소화기계,B,식욕부진,AF,비정상 맥박수이지만 혈역학적으로 안정,3
CJBAK,J,소화기계,B,식욕부진,AK,전신염증반응증후군(열을 포함한2개의SIRS기준 만족),3
CJBAL,J,소화기계,B,식욕부진,AL,열(아파보임),3
CJBAM,J,소화기계,B,식욕부진,AM,열(건강해 보임),4
CJBCB,J,소화기계,B,식욕부진,CB,심각한 체중감소,3
CJBCA,J,소화기계,B,식욕부진,CA,"식욕부진,건강해보임",4
CJCAB,J,소화기계,C,변비,AB,중등도 호흡곤란,2
CJCAE,J,소화기계,C,변비,AE,혈역학적 장애,2
CJCAH,J,소화기계,C,변비,AH,"의식변화(V/P, GCS 9-13)",2
CJCAI,J,소화기계,C,변비,AI,"열,면역저하 상태",2
CJCAJ,J,소화기계,C,변비,AJ,패혈증 의증(3개 이상의SIRS기준 만족),2
CJCAC,J,소화기계,C,변비,AC,경증 호흡곤란,3
CJCAF,J,소화기계,C,변비,AF,비정상 맥박수이지만 혈역학적으로 안정,3
CJCAK,J,소화기계,C,변비,AK,전신염증반응증후군(열을 포함한2개의SIRS기준 만족),3
CJCAL,J,소화기계,C,변비,AL,열(아파보임),3
CJCAM,J,소화기계,C,변비,AM,열(건강해 보임),4
CJCBA,J,소화기계,C,변비,BA,급성 통증(8-10),2
CJCBB,J,소화기계,C,변비,BB,급성 통증(4-7),3
CJCBD,J,소화기계,C,변비,BD,만성 통증(8-10),3
CJCBC,J,소화기계,C,변비,BC,급성 통증(<4),4
CJCBE,J,소화기계,C,변비,BE,만성 통증(4-7),4
CJCBF,J,소화기계,C,변비,BF,만성 통증(<4),5
CJCCA,J,소화기계,C,변비,CA,단순변비,5
CJDAB,J,소화기계,D,직장내 이물질,AB,중등도 호흡곤란,2
CJDAE,J,소화기계,D,직장내 이물질,AE,혈역학적 장애,2
CJDAH,J,소화기계,D,직장내 이물질,AH,"의식변화(V/P, GCS 9-13)",2
CJDAI,J,소화기계,D,직장내 이물질,AI,"열,면역저하 상태",2
CJDAJ,J,소화기계,D,직장내 이물질,AJ,패혈증 의증(3개 이상의SIRS기준 만족),2
CJDAC,J,소화기계,D,직장내 이물질,AC,경증 호흡곤란,3
CJDAF,J,소화기계,D,직장내 이물질,AF,비정상 맥박수이지만 혈역학적으로 안정,3
CJDAK,J,소화기계,D,직장내 이물질,AK,전신염증반응증후군(열을 포함한2개의SIRS기준 만족),3
CJDAL,J,소화기계,D,직장내 이물질,AL,열(아파보임),3
CJDAM,J,소화기계,D,직장내 이물질,AM,열(건강해 보임),4
CJDBG,J,소화기계,D,직장내 이물질,BG,급성 통증(8-10),3
CJDBH,J,소화기계,D,직장내 이물질,BH,급성 통증(4-7),4
CJDBI,J,소화기계,D,직장내 이물질,BI,급성 통증(<4),5
CJDCA,J,소화기계,D,직장내 이물질,CA,직장내 이물질,5
CJEAB,J,소화기계,E,샅고랑부위(Groin)통증/종괴,AB,중등도 호흡곤란,2
CJEAE,J,소화기계,E,샅고랑부위(Groin)통증/종괴,AE,혈역학적 장애,2
CJEAH,J,소화기계,E,샅고랑부위(Groin)통증/종괴,AH,"의식변화(V/P, GCS 9-13)",2
CJEAI,J,소화기계,E,샅고랑부위(Groin)통증/종괴,AI,"열,면역저하 상태",2
CJEAJ,J,소화기계,E,샅고랑부위(Groin)통증/종괴,AJ,패혈증 의증(3개 이상의SIRS기준 만족),2
CJEAC,J,소화기계,E,샅고랑부위(Groin)통증/종괴,AC,경증 호흡곤란,3
CJEAF,J,소화기계,E,샅고랑부위(Groin)통증/종괴,AF,비정상 맥박수이지만 혈역학적으로 안정,3
CJEAK,J,소화기계,E,샅고랑부위(Groin)통증/종괴,AK,전신염증반응증후군(열을 포함한2개의SIRS기준 만족),3
CJEAL,J,소화기계,E,샅고랑부위(Groin)통증/종괴,AL,열(아파보임),3
CJEAM,J,소화기계,E,샅고랑부위(Groin)통증/종괴,AM,열(건강해 보임),4
CJEBA,J,소화기계,E,샅고랑부위(Groin)통증/종괴,BA,급성 통증(8-10),2
CJEBB,J,소화기계,E,샅고랑부위(Groin)통증/종괴,BB,급성 통증(4-7),3
CJEBD,J,소화기계,E,샅고랑부위(Groin)통증/종괴,BD,만성 통증(8-10),3
CJEBC,J,소화기계,E,샅고랑부위(Groin)통증/종괴,BC,급성 통증(<4),4
CJEBE,J,소화기계,E,샅고랑부위(Groin)통증/종괴,BE,만성 통증(4-7),4
CJEBF,J,소화기계,E,샅고랑부위(Groin)통증/종괴,BF,만성 통증(<4),5
CJECA,J,소화기계,E,샅고랑부위(Groin)통증/종괴,CA,샅고랑부위(Groin)통증/종괴,5
CJFAA,J,소화기계,F,구토/구역,AA,중증 호흡곤란,1
CJFAD,J,소화기계,F,구토/구역,AD,쇼크,1
CJFAG,J,소화기계,F,구토/구역,AG,"무의식(U, GCS 3-8)",1
CJFAB,J,소화기계,F,구토/구역,AB,중등도 호흡곤란,2
CJFAE,J,소화기계,F,구토/구역,AE,혈역학적 장애,2
CJFAH,J,소화기계,F,구토/구역,AH,"의식변화(V/P, GCS 9-13)",2
CJFAI,J,소화기계,F,구토/구역,AI,"열,면역저하 상태",2
CJFAJ,J,소화기계,F,구토/구역,AJ,패혈증 의증(3개 이상의SIRS기준 만족),2
CJFAC,J,소화기계,F,구토/구역,AC,경증 호흡곤란,3
CJFAF,J,소화기계,F,구토/구역,AF,비정상 맥박수이지만 혈역학적으로 안정,3
CJFAK,J,소화기계,F,구토/구역,AK,전신염증반응증후군(열을 포함한2개의SIRS기준 만족),3
CJFAL,J,소화기계,F,구토/구역,AL,열(아파보임),3
CJFAM,J,소화기계,F,구토/구역,AM,열(건강해 보임),4
CJFCG,J,소화기계,F,구토/구역,CG,중증 탈수,1
CJFCF,J,소화기계,F,구토/구역,CF,지속되는 상당량의 토혈,2
CJFCE,J,소화기계,F,구토/구역,CE,중등도 탈수,2
CJFCD,J,소화기계,F,구토/구역,CD,커피찌꺼기 모양 구토/흑색변,3
CJFCC,J,소화기계,F,구토/구역,CC,경증탈수,3
CJFCB,J,소화기계,F,구토/구역,CB,탈수 가능성 있음,4
CJFCA,J,소화기계,F,구토/구역,CA,"만성 구토/구역,정상활력징후",5
CJGAB,J,소화기계,G,항문/직장/회음부 통증,AB,중등도 호흡곤란,2
CJGAE,J,소화기계,G,항문/직장/회음부 통증,AE,혈역학적 장애,2
CJGAH,J,소화기계,G,항문/직장/회음부 통증,AH,"의식변화(V/P, GCS 9-13)",2
CJGAI,J,소화기계,G,항문/직장/회음부 통증,AI,"열,면역저하 상태",2
CJGAJ,J,소화기계,G,항문/직장/회음부 통증,AJ,패혈증 의증(3개 이상의SIRS기준 만족),2
CJGAC,J,소화기계,G,항문/직장/회음부 통증,AC,경증 호흡곤란,3
CJGAF,J,소화기계,G,항문/직장/회음부 통증,AF,비정상 맥박수이지만 혈역학적으로 안정,3
CJGAK,J,소화기계,G,항문/직장/회음부 통증,AK,전신염증반응증후군(열을 포함한2개의SIRS기준 만족),3
CJGAL,J,소화기계,G,항문/직장/회음부 통증,AL,열(아파보임),3
CJGAM,J,소화기계,G,항문/직장/회음부 통증,AM,열(건강해 보임),4
CJGBG,J,소화기계,G,항문/직장/회음부 통증,BG,급성 통증(8-10),3
CJGBH,J,소화기계,G,항문/직장/회음부 통증,BH,급성 통증(4-7),4
CJGBJ,J,소화기계,G,항문/직장/회음부 통증,BJ,만성 통증(8-10),4
CJGBI,J,소화기계,G,항문/직장/회음부 통증,BI,급성 통증(<4),5
CJGBK,J,소화기계,G,항문/직장/회음부 통증,BK,만성 통증(<8),5
CJHAA,J,소화기계,H,설사,AA,중증 호흡곤란,1
CJHAD,J,소화기계,H,설사,AD,쇼크,1
CJHAG,J,소화기계,H,설사,AG,"무의식(U, GCS 3-8)",1
CJHAB,J,소화기계,H,설사,AB,중등도 호흡곤란,2
CJHAE,J,소화기계,H,설사,AE,혈역학적 장애,2
CJHAH,J,소화기계,H,설사,AH,"의식변화(V/P, GCS 9-13)",2
CJHAI,J,소화기계,H,설사,AI,"열,면역저하 상태",2
CJHAJ,J,소화기계,H,설사,AJ,패혈증 의증(3개 이상의SIRS기준 만족),2
CJHAC,J,소화기계,H,설사,AC,경증 호흡곤란,3
CJHAF,J,소화기계,H,설사,AF,비정상 맥박수이지만 혈역학적으로 안정,3
CJHAK,J,소화기계,H,설사,AK,전신염증반응증후군(열을 포함한2개의SIRS기준 만족),3
CJHAL,J,소화기계,H,설사,AL,열(아파보임),3
CJHAM,J,소화기계,H,설사,AM,열(건강해 보임),4
CJHCF,J,소화기계,H,설사,CF,중증 탈수,1
CJHCE,J,소화기계,H,설사,CE,중등도 탈수,2
CJHCD,J,소화기계,H,설사,CD,멈추지 않는 혈성 설사,3
CJHCC,J,소화기계,H,설사,CC,경증탈수,3
CJHCB,J,소화기계,H,설사,CB,탈수 가능성 있음,4
CJHCA,J,소화기계,H,설사,CA,"만성설사,정상 활력징후",5
CJIAA,J,소화기계,I,토혈,AA,중증 호흡곤란,1
CJIAD,J,소화기계,I,토혈,AD,쇼크,1
CJIAG,J,소화기계,I,토혈,AG,"무의식(U, GCS 3-8)",1
CJIAB,J,소화기계,I,토혈,AB,중등도 호흡곤란,2
CJIAE,J,소화기계,I,토혈,AE,혈역학적 장애,2
CJIAH,J,소화기계,I,토혈,AH,"의식변화(V/P, GCS 9-13)",2
CJIAI,J,소화기계,I,토혈,AI,"열,면역저하 상태",2
CJIAJ,J,소화기계,I,토혈,AJ,패혈증 의증(3개 이상의SIRS기준 만족),2
CJIAC,J,소화기계,I,토혈,AC,경증 호흡곤란,3
CJIAF,J,소화기계,I,토혈,AF,비정상 맥박수이지만 혈역학적으로 안정,3
CJIAK,J,소화기계,I,토혈,AK,전신염증반응증후군(열을 포함한2개의SIRS기준 만족),3
CJIAL,J,소화기계,I,토혈,AL,열(아파보임),3
CJIBL,J,소화기계,I,토혈,BL,출혈성 질환(생명 혹은 사지를 소실할 정도의 위급한 출혈),2
CJIBM,J,소화기계,I,토혈,BM,출혈성 질환(중등도나 경도의 출혈),3
CJICC,J,소화기계,I,토혈,CC,활동성 또는 증상을 동반한 토혈,2
CJICB,J,소화기계,I,토혈,CB,커피찌꺼기 모양 구토/흑색변,3
CJICA,J,소화기계,I,토혈,CA,"구토에 극소량이 섞인 경우,정상 활력징후",3
CJJAA,J,소화기계,J,혈변/흑색변,AA,중증 호흡곤란,1
CJJAD,J,소화기계,J,혈변/흑색변,AD,쇼크,1
CJJAG,J,소화기계,J,혈변/흑색변,AG,"무의식(U, GCS 3-8)",1
CJJAB,J,소화기계,J,혈변/흑색변,AB,중등도 호흡곤란,2
CJJAE,J,소화기계,J,혈변/흑색변,AE,혈역학적 장애,2
CJJAH,J,소화기계,J,혈변/흑색변,AH,"의식변화(V/P, GCS 9-13)",2
CJJAI,J,소화기계,J,혈변/흑색변,AI,"열,면역저하 상태",2
CJJAJ,J,소화기계,J,혈변/흑색변,AJ,패혈증 의증(3개 이상의SIRS기준 만족),2
CJJAC,J,소화기계,J,혈변/흑색변,AC,경증 호흡곤란,3
CJJAF,J,소화기계,J,혈변/흑색변,AF,비정상 맥박수이지만 혈역학적으로 안정,3
CJJAK,J,소화기계,J,혈변/흑색변,AK,전신염증반응증후군(열을 포함한2개의SIRS기준 만족),3
CJJAL,J,소화기계,J,혈변/흑색변,AL,열(아파보임),3
CJJAM,J,소화기계,J,혈변/흑색변,AM,열(건강해 보임),4
CJJBL,J,소화기계,J,혈변/흑색변,BL,출혈성 질환(생명 혹은 사지를 소실할 정도의 위급한 출혈),2
CJJBM,J,소화기계,J,혈변/흑색변,BM,출혈성 질환(중등도나 경도의 출혈),3
CJJCC,J,소화기계,J,혈변/흑색변,CC,많은양의 흑색변 또는 직장출혈,2
CJJCB,J,소화기계,J,혈변/흑색변,CB,중등도 양의 흑색변 또는 직장출혈,3
CJJCA,J,소화기계,J,혈변/흑색변,CA,적은양의 직장출혈,4
CJKAB,J,소화기계,K,황달,AB,중등도 호흡곤란,2
CJKAE,J,소화기계,K,황달,AE,혈역학적 장애,2
CJKAH,J,소화기계,K,황달,AH,"의식변화(V/P, GCS 9-13)",2
CJKAI,J,소화기계,K,황달,AI,"열,면역저하 상태",2
CJKAJ,J,소화기계,K,황달,AJ,패혈증 의증(3개 이상의SIRS기준 만족),2
CJKAC,J,소화기계,K,황달,AC,경증 호흡곤란,3
CJKAF,J,소화기계,K,황달,AF,비정상 맥박수이지만 혈역학적으로 안정,3
CJKAK,J,소화기계,K,황달,AK,전신염증반응증후군(열을 포함한2개의SIRS기준 만족),3
CJKAL,J,소화기계,K,황달,AL,열(아파보임),3
CJKAM,J,소화기계,K,황달,AM,열(건강해 보임),4
CJKBA,J,소화기계,K,황달,BA,급성 통증(8-10),2
CJKBB,J,소화기계,K,황달,BB,급성 통증(4-7),3
CJKBD,J,소화기계,K,황달,BD,만성 통증(8-10),3
CJKBC,J,소화기계,K,황달,BC,급성 통증(<4),4
CJKBE,J,소화기계,K,황달,BE,만성 통증(4-7),4
CJKBF,J,소화기계,K,황달,BF,만성 통증(<4),5
CJKCA,J,소화기계,K,황달,CA,"황달,건강해보임",5
CJLAK,J,소화기계,L,딸꾹질,AK,전신염증반응증후군(열을 포함한2개의SIRS기준 만족),3
CJLAL,J,소화기계,L,딸꾹질,AL,열(아파보임),3
CJLAM,J,소화기계,L,딸꾹질,AM,열(건강해 보임),4
CJLBG,J,소화기계,L,딸꾹질,BG,급성 통증(8-10),3
CJLBH,J,소화기계,L,딸꾹질,BH,급성 통증(4-7),4
CJLBI,J,소화기계,L,딸꾹질,BI,급성 통증(<4),5
CJLCA,J,소화기계,L,딸꾹질,CA,"딸국질,만성,힘들어 보이지 않음",5
CJMAA,J,소화기계,M,복부종괴/팽만,AA,중증 호흡곤란,1
CJMAD,J,소화기계,M,복부종괴/팽만,AD,쇼크,1
CJMAG,J,소화기계,M,복부종괴/팽만,AG,"무의식(U, GCS 3-8)",1
CJMAB,J,소화기계,M,복부종괴/팽만,AB,중등도 호흡곤란,2
CJMAE,J,소화기계,M,복부종괴/팽만,AE,혈역학적 장애,2
CJMAH,J,소화기계,M,복부종괴/팽만,AH,"의식변화(V/P, GCS 9-13)",2
CJMAI,J,소화기계,M,복부종괴/팽만,AI,"열,면역저하 상태",2
CJMAJ,J,소화기계,M,복부종괴/팽만,AJ,패혈증 의증(3개 이상의SIRS기준 만족),2
CJMAC,J,소화기계,M,복부종괴/팽만,AC,경증 호흡곤란,3
CJMAF,J,소화기계,M,복부종괴/팽만,AF,비정상 맥박수이지만 혈역학적으로 안정,3
CJMAK,J,소화기계,M,복부종괴/팽만,AK,전신염증반응증후군(열을 포함한2개의SIRS기준 만족),3
CJMAL,J,소화기계,M,복부종괴/팽만,AL,열(아파보임),3
CJMAM,J,소화기계,M,복부종괴/팽만,AM,열(건강해 보임),4
CJMBA,J,소화기계,M,복부종괴/팽만,BA,급성 통증(8-10),2
CJMBB,J,소화기계,M,복부종괴/팽만,BB,급성 통증(4-7),3
CJMBD,J,소화기계,M,복부종괴/팽만,BD,만성 통증(8-10),3
CJMBC,J,소화기계,M,복부종괴/팽만,BC,급성 통증(<4),4
CJMBE,J,소화기계,M,복부종괴/팽만,BE,만성 통증(4-7),4
CJMBF,J,소화기계,M,복부종괴/팽만,BF,만성 통증(<4),5
CJMCB,J,소화기계,M,복부종괴/팽만,CB,지속적인 구토,3
CJMCA,J,소화기계,M,복부종괴/팽만,CA,"만성 복부 종괴/팽만,건강해 보임",5
CJNAB,J,소화기계,N,항문/직장/회음부 외상,AB,중등도 호흡곤란,2
CJNAE,J,소화기계,N,항문/직장/회음부 외상,AE,혈역학적 장애,2
CJNAH,J,소화기계,N,항문/직장/회음부 외상,AH,"의식변화(V/P, GCS 9-13)",2
CJNAI,J,소화기계,N,항문/직장/회음부 외상,AI,"열,면역저하 상태",2
CJNAJ,J,소화기계,N,항문/직장/회음부 외상,AJ,패혈증 의증(3개 이상의SIRS기준 만족),2
CJNAC,J,소화기계,N,항문/직장/회음부 외상,AC,경증 호흡곤란,3
CJNAF,J,소화기계,N,항문/직장/회음부 외상,AF,비정상 맥박수이지만 혈역학적으로 안정,3
CJNAK,J,소화기계,N,항문/직장/회음부 외상,AK,전신염증반응증후군(열을 포함한2개의SIRS기준 만족),3
CJNAL,J,소화기계,N,항문/직장/회음부 외상,AL,열(아파보임),3
CJNAM,J,소화기계,N,항문/직장/회음부 외상,AM,열(건강해 보임),4
CJNBA,J,소화기계,N,항문/직장/회음부 외상,BA,급성 통증(8-10),2
CJNBL,J,소화기계,N,항문/직장/회음부 외상,BL,출혈성 질환(생명 혹은 사지를 소실할 정도의 위급한 출혈),2
CJNBB,J,소화기계,N,항문/직장/회음부 외상,BB,급성 통증(4-7),3
CJNBM,J,소화기계,N,항문/직장/회음부 외상,BM,출혈성 질환(중등도나 경도의 출혈),3
CJNBC,J,소화기계,N,항문/직장/회음부 외상,BC,급성 통증(<4),4
CJNCA,J,소화기계,N,항문/직장/회음부 외상,CA,항문/직장/회음부 외상,5
CJOAA,J,소화기계,O,이물질 삼킴(Foreign Body swallowing),AA,중증 호흡곤란,1
CJOAD,J,소화기계,O,이물질 삼킴(Foreign Body swallowing),AD,쇼크,1
CJOAG,J,소화기계,O,이물질 삼킴(Foreign Body swallowing),AG,"무의식(U, GCS 3-8)",1
CJOAB,J,소화기계,O,이물질 삼킴(Foreign Body swallowing),AB,중등도 호흡곤란,2
CJOAE,J,소화기계,O,이물질 삼킴(Foreign Body swallowing),AE,혈역학적 장애,2
CJOAH,J,소화기계,O,이물질 삼킴(Foreign Body swallowing),AH,"의식변화(V/P, GCS 9-13)",2
CJOAI,J,소화기계,O,이물질 삼킴(Foreign Body swallowing),AI,"열,면역저하 상태",2
CJOAJ,J,소화기계,O,이물질 삼킴(Foreign Body swallowing),AJ,패혈증 의증(3개 이상의SIRS기준 만족),2
CJOAC,J,소화기계,O,이물질 삼킴(Foreign Body swallowing),AC,경증 호흡곤란,3
CJOAF,J,소화기계,O,이물질 삼킴(Foreign Body swallowing),AF,비정상 맥박수이지만 혈역학적으로 안정,3
CJOAK,J,소화기계,O,이물질 삼킴(Foreign Body swallowing),AK,전신염증반응증후군(열을 포함한2개의SIRS기준 만족),3
CJOAL,J,소화기계,O,이물질 삼킴(Foreign Body swallowing),AL,열(아파보임),3
CJOAM,J,소화기계,O,이물질 삼킴(Foreign Body swallowing),AM,열(건강해 보임),4
CJOBA,J,소화기계,O,이물질 삼킴(Foreign Body swallowing),BA,급성 통증(8-10),2
CJOBB,J,소화기계,O,이물질 삼킴(Foreign Body swallowing),BB,급성 통증(4-7),3
CJOBC,J,소화기계,O,이물질 삼킴(Foreign Body swallowing),BC,급성 통증(<4),4
CJOCE,J,소화기계,O,이물질 삼킴(Foreign Body swallowing),CE,침흘림 또는 협착음,2
CJOCD,J,소화기계,O,이물질 삼킴(Foreign Body swallowing),CD,목쉰소리와 언어장애,2
CJOCC,J,소화기계,O,이물질 삼킴(Foreign Body swallowing),CC,"단추형 건전지,뾰족한 물건 등 치료적 내시경을 고려해야 하는 경우",2
CJOCB,J,소화기계,O,이물질 삼킴(Foreign Body swallowing),CB,지속적인 구토,3
CJOCA,J,소화기계,O,이물질 삼킴(Foreign Body swallowing),CA,연하곤란이나 호흡곤란 없음,4
CKAAA,K,임신/여성생식계,A,월경 문제,AA,중증 호흡곤란,1
CKAAD,K,임신/여성생식계,A,월경 문제,AD,쇼크,1
CKAAG,K,임신/여성생식계,A,월경 문제,AG,"무의식(U, GCS 3-8)",1
CKAAB,K,임신/여성생식계,A,월경 문제,AB,중등도 호흡곤란,2
CKAAE,K,임신/여성생식계,A,월경 문제,AE,혈역학적 장애,2
CKAAH,K,임신/여성생식계,A,월경 문제,AH,"의식변화(V/P, GCS 9-13)",2
CKAAI,K,임신/여성생식계,A,월경 문제,AI,"열,면역저하 상태",2
CKAAJ,K,임신/여성생식계,A,월경 문제,AJ,패혈증 의증(3개 이상의SIRS기준 만족),2
CKAAC,K,임신/여성생식계,A,월경 문제,AC,경증 호흡곤란,3
CKAAF,K,임신/여성생식계,A,월경 문제,AF,비정상 맥박수이지만 혈역학적으로 안정,3
CKAAK,K,임신/여성생식계,A,월경 문제,AK,전신염증반응증후군(열을 포함한2개의SIRS기준 만족),3
CKAAL,K,임신/여성생식계,A,월경 문제,AL,열(아파보임),3
CKAAM,K,임신/여성생식계,A,월경 문제,AM,열(건강해 보임),4
CKABA,K,임신/여성생식계,A,월경 문제,BA,급성 통증(8-10),2
CKABB,K,임신/여성생식계,A,월경 문제,BB,급성 통증(4-7),3
CKABC,K,임신/여성생식계,A,월경 문제,BC,급성 통증(<4),4
CKACA,K,임신/여성생식계,A,월경 문제,CA,월경 문제,4
CKBAA,K,임신/여성생식계,B,질내 이물질,AA,중증 호흡곤란,1
CKBAD,K,임신/여성생식계,B,질내 이물질,AD,쇼크,1
CKBAG,K,임신/여성생식계,B,질내 이물질,AG,"무의식(U, GCS 3-8)",1
CKBAB,K,임신/여성생식계,B,질내 이물질,AB,중등도 호흡곤란,2
CKBAE,K,임신/여성생식계,B,질내 이물질,AE,혈역학적 장애,2
CKBAH,K,임신/여성생식계,B,질내 이물질,AH,"의식변화(V/P, GCS 9-13)",2
CKBAI,K,임신/여성생식계,B,질내 이물질,AI,"열,면역저하 상태",2
CKBAJ,K,임신/여성생식계,B,질내 이물질,AJ,패혈증 의증(3개 이상의SIRS기준 만족),2
CKBAC,K,임신/여성생식계,B,질내 이물질,AC,경증 호흡곤란,3
CKBAF,K,임신/여성생식계,B,질내 이물질,AF,비정상 맥박수이지만 혈역학적으로 안정,3
CKBAK,K,임신/여성생식계,B,질내 이물질,AK,전신염증반응증후군(열을 포함한2개의SIRS기준 만족),3
CKBAL,K,임신/여성생식계,B,질내 이물질,AL,열(아파보임),3
CKBAM,K,임신/여성생식계,B,질내 이물질,AM,열(건강해 보임),4
CKBBG,K,임신/여성생식계,B,질내 이물질,BG,급성 통증(8-10),3
CKBBH,K,임신/여성생식계,B,질내 이물질,BH,급성 통증(4-7),4
CKBBI,K,임신/여성생식계,B,질내 이물질,BI,급성 통증(<4),5
CKBCA,K,임신/여성생식계,B,질내 이물질,CA,질내 이물질,5
CKCAB,K,임신/여성생식계,C,질 분비물,AB,중등도 호흡곤란,2
CKCAE,K,임신/여성생식계,C,질 분비물,AE,혈역학적 장애,2
CKCAH,K,임신/여성생식계,C,질 분비물,AH,"의식변화(V/P, GCS 9-13)",2
CKCAI,K,임신/여성생식계,C,질 분비물,AI,"열,면역저하 상태",2
CKCAJ,K,임신/여성생식계,C,질 분비물,AJ,패혈증 의증(3개 이상의SIRS기준 만족),2
CKCAC,K,임신/여성생식계,C,질 분비물,AC,경증 호흡곤란,3
CKCAF,K,임신/여성생식계,C,질 분비물,AF,비정상 맥박수이지만 혈역학적으로 안정,3
CKCAK,K,임신/여성생식계,C,질 분비물,AK,전신염증반응증후군(열을 포함한2개의SIRS기준 만족),3
CKCAL,K,임신/여성생식계,C,질 분비물,AL,열(아파보임),3
CKCAM,K,임신/여성생식계,C,질 분비물,AM,열(건강해 보임),4
CKCBG,K,임신/여성생식계,C,질 분비물,BG,급성 통증(8-10),3
CKCBH,K,임신/여성생식계,C,질 분비물,BH,급성 통증(4-7),4
CKCBI,K,임신/여성생식계,C,질 분비물,BI,급성 통증(<4),5
CKCCA,K,임신/여성생식계,C,질 분비물,CA,경증,5
CKDBG,K,임신/여성생식계,D,질통증/가려움,BG,급성 통증(8-10),3
CKDBH,K,임신/여성생식계,D,질통증/가려움,BH,급성 통증(4-7),4
CKDBI,K,임신/여성생식계,D,질통증/가려움,BI,급성 통증(<4),5
CKDCA,K,임신/여성생식계,D,질통증/가려움,CA,"질통증,가려움 동반",5
CKEAA,K,임신/여성생식계,E,질출혈,AA,중증 호흡곤란,1
CKEAD,K,임신/여성생식계,E,질출혈,AD,쇼크,1
CKEAG,K,임신/여성생식계,E,질출혈,AG,"무의식(U, GCS 3-8)",1
CKEAB,K,임신/여성생식계,E,질출혈,AB,중등도 호흡곤란,2
CKEAE,K,임신/여성생식계,E,질출혈,AE,혈역학적 장애,2
CKEAH,K,임신/여성생식계,E,질출혈,AH,"의식변화(V/P, GCS 9-13)",2
CKEAI,K,임신/여성생식계,E,질출혈,AI,"열,면역저하 상태",2
CKEAJ,K,임신/여성생식계,E,질출혈,AJ,패혈증 의증(3개 이상의SIRS기준 만족),2
CKEAC,K,임신/여성생식계,E,질출혈,AC,경증 호흡곤란,3
CKEAF,K,임신/여성생식계,E,질출혈,AF,비정상 맥박수이지만 혈역학적으로 안정,3
CKEAK,K,임신/여성생식계,E,질출혈,AK,전신염증반응증후군(열을 포함한2개의SIRS기준 만족),3
CKEAL,K,임신/여성생식계,E,질출혈,AL,열(아파보임),3
CKEAM,K,임신/여성생식계,E,질출혈,AM,열(건강해 보임),4
CKEBA,K,임신/여성생식계,E,질출혈,BA,급성 통증(8-10),2
CKEBL,K,임신/여성생식계,E,질출혈,BL,출혈성 질환(생명 혹은 사지를 소실할 정도의 위급한 출혈),2
CKEBB,K,임신/여성생식계,E,질출혈,BB,급성 통증(4-7),3
CKEBM,K,임신/여성생식계,E,질출혈,BM,출혈성 질환(중등도나 경도의 출혈),3
CKEBC,K,임신/여성생식계,E,질출혈,BC,급성 통증(<4),4
CKECD,K,임신/여성생식계,E,질출혈,CD,임신과 관련된 다량의 질출혈,1
CKECC,K,임신/여성생식계,E,질출혈,CC,임신과 관련없는 다량의 질출혈,2
CKECB,K,임신/여성생식계,E,질출혈,CB,질출혈-정상활력징후,3
CKECA,K,임신/여성생식계,E,질출혈,CA,질출혈-경증/점상출혈,4
CKFAB,K,임신/여성생식계,F,음순부종,AB,중등도 호흡곤란,2
CKFAE,K,임신/여성생식계,F,음순부종,AE,혈역학적 장애,2
CKFAH,K,임신/여성생식계,F,음순부종,AH,"의식변화(V/P, GCS 9-13)",2
CKFAI,K,임신/여성생식계,F,음순부종,AI,"열,면역저하 상태",2
CKFAJ,K,임신/여성생식계,F,음순부종,AJ,패혈증 의증(3개 이상의SIRS기준 만족),2
CKFAC,K,임신/여성생식계,F,음순부종,AC,경증 호흡곤란,3
CKFAF,K,임신/여성생식계,F,음순부종,AF,비정상 맥박수이지만 혈역학적으로 안정,3
CKFAK,K,임신/여성생식계,F,음순부종,AK,전신염증반응증후군(열을 포함한2개의SIRS기준 만족),3
CKFAL,K,임신/여성생식계,F,음순부종,AL,열(아파보임),3
CKFAM,K,임신/여성생식계,F,음순부종,AM,열(건강해 보임),4
CKFBG,K,임신/여성생식계,F,음순부종,BG,급성 통증(8-10),3
CKFBH,K,임신/여성생식계,F,음순부종,BH,급성 통증(4-7),4
CKFBI,K,임신/여성생식계,F,음순부종,BI,급성 통증(<4),5
CKFCA,K,임신/여성생식계,F,음순부종,CA,음순부종,5
CKGAA,K,임신/여성생식계,G,20주 미만의 임신,AA,중증 호흡곤란,1
CKGAD,K,임신/여성생식계,G,20주 미만의 임신,AD,쇼크,1
CKGAG,K,임신/여성생식계,G,20주 미만의 임신,AG,"무의식(U, GCS 3-8)",1
CKGAB,K,임신/여성생식계,G,20주 미만의 임신,AB,중등도 호흡곤란,2
CKGAE,K,임신/여성생식계,G,20주 미만의 임신,AE,혈역학적 장애,2
CKGAH,K,임신/여성생식계,G,20주 미만의 임신,AH,"의식변화(V/P, GCS 9-13)",2
CKGAI,K,임신/여성생식계,G,20주 미만의 임신,AI,"열,면역저하 상태",2
CKGAJ,K,임신/여성생식계,G,20주 미만의 임신,AJ,패혈증 의증(3개 이상의SIRS기준 만족),2
CKGAC,K,임신/여성생식계,G,20주 미만의 임신,AC,경증 호흡곤란,3
CKGAF,K,임신/여성생식계,G,20주 미만의 임신,AF,비정상 맥박수이지만 혈역학적으로 안정,3
CKGAK,K,임신/여성생식계,G,20주 미만의 임신,AK,전신염증반응증후군(열을 포함한2개의SIRS기준 만족),3
CKGAL,K,임신/여성생식계,G,20주 미만의 임신,AL,열(아파보임),3
CKGAM,K,임신/여성생식계,G,20주 미만의 임신,AM,열(건강해 보임),4
CKGBA,K,임신/여성생식계,G,20주 미만의 임신,BA,급성 통증(8-10),2
CKGBL,K,임신/여성생식계,G,20주 미만의 임신,BL,출혈성 질환(생명 혹은 사지를 소실할 정도의 위급한 출혈),2
CKGBN,K,임신/여성생식계,G,20주 미만의 임신,BN,고위험성 사고기전,2
CKGBB,K,임신/여성생식계,G,20주 미만의 임신,BB,급성 통증(4-7),3
CKGBM,K,임신/여성생식계,G,20주 미만의 임신,BM,출혈성 질환(중등도나 경도의 출혈),3
CKGBC,K,임신/여성생식계,G,20주 미만의 임신,BC,급성 통증(<4),4
CKGCH,K,임신/여성생식계,G,20주 미만의 임신,CH,주기적인 복부 뭉침 또는 허리 통증을 동반한 골반의 압박감,2
CKGCG,K,임신/여성생식계,G,20주 미만의 임신,CG,다량의 질 출혈,2
CKGCF,K,임신/여성생식계,G,20주 미만의 임신,CF,경증/중증도의 질출혈,3
CKGCE,K,임신/여성생식계,G,20주 미만의 임신,CE,복부의 뭉침,3
CKGCD,K,임신/여성생식계,G,20주 미만의 임신,CD,양수누출의 가능성,3
CKGCC,K,임신/여성생식계,G,20주 미만의 임신,CC,질출혈(점상출혈),4
CKGCB,K,임신/여성생식계,G,20주 미만의 임신,CB,질 분비물,5
CKGCA,K,임신/여성생식계,G,20주 미만의 임신,CA,핑크빛 점액성 분비물,5
CKHAA,K,임신/여성생식계,H,20주 이상의 임신,AA,중증 호흡곤란,1
CKHAD,K,임신/여성생식계,H,20주 이상의 임신,AD,쇼크,1
CKHAG,K,임신/여성생식계,H,20주 이상의 임신,AG,"무의식(U, GCS 3-8)",1
CKHAB,K,임신/여성생식계,H,20주 이상의 임신,AB,중등도 호흡곤란,2
CKHAE,K,임신/여성생식계,H,20주 이상의 임신,AE,혈역학적 장애,2
CKHAH,K,임신/여성생식계,H,20주 이상의 임신,AH,"의식변화(V/P, GCS 9-13)",2
CKHAI,K,임신/여성생식계,H,20주 이상의 임신,AI,"열,면역저하 상태",2
CKHAJ,K,임신/여성생식계,H,20주 이상의 임신,AJ,패혈증 의증(3개 이상의SIRS기준 만족),2
CKHAC,K,임신/여성생식계,H,20주 이상의 임신,AC,경증 호흡곤란,3
CKHAF,K,임신/여성생식계,H,20주 이상의 임신,AF,비정상 맥박수이지만 혈역학적으로 안정,3
CKHAK,K,임신/여성생식계,H,20주 이상의 임신,AK,전신염증반응증후군(열을 포함한2개의SIRS기준 만족),3
CKHAL,K,임신/여성생식계,H,20주 이상의 임신,AL,열(아파보임),3
CKHAM,K,임신/여성생식계,H,20주 이상의 임신,AM,열(건강해 보임),4
CKHBA,K,임신/여성생식계,H,20주 이상의 임신,BA,급성 통증(8-10),2
CKHBL,K,임신/여성생식계,H,20주 이상의 임신,BL,출혈성 질환(생명 혹은 사지를 소실할 정도의 위급한 출혈),2
CKHBN,K,임신/여성생식계,H,20주 이상의 임신,BN,고위험성 사고기전,2
CKHBB,K,임신/여성생식계,H,20주 이상의 임신,BB,급성 통증(4-7),3
CKHBM,K,임신/여성생식계,H,20주 이상의 임신,BM,출혈성 질환(중등도나 경도의 출혈),3
CKHBC,K,임신/여성생식계,H,20주 이상의 임신,BC,급성 통증(<4),4
CKHCR,K,임신/여성생식계,H,20주 이상의 임신,CR,태아의 일부분이 보이거나 탯줄 탈출,1
CKHCQ,K,임신/여성생식계,H,20주 이상의 임신,CQ,지속되는 질 출혈,1
CKHCP,K,임신/여성생식계,H,20주 이상의 임신,CP,발작 중 또는 발작 후 상태,1
CKHCO,K,임신/여성생식계,H,20주 이상의 임신,CO,"임신주수>20주,복부 관통상",1
CKHCN,K,임신/여성생식계,H,20주 이상의 임신,CN,태동이 없음,1
CKHCM,K,임신/여성생식계,H,20주 이상의 임신,CM,진통(자궁수축≤5분),2
CKHCL,K,임신/여성생식계,H,20주 이상의 임신,CL,예정이 없었거나 의도치 않은 출산,2
CKHCK,K,임신/여성생식계,H,20주 이상의 임신,CK,태동이 감소함,2
CKHCJ,K,임신/여성생식계,H,20주 이상의 임신,CJ,수축기 혈압>160mmHg또는 이완기 혈압>100mmHg,2
CKHCI,K,임신/여성생식계,H,20주 이상의 임신,CI,두통±부종±상복부 통증±시각장애±뇌졸중 증상,2
CKHCH,K,임신/여성생식계,H,20주 이상의 임신,CH,"임신주수>20주,주요 복부 둔상",2
CKHCG,K,임신/여성생식계,H,20주 이상의 임신,CG,고위험 물질의 오용,2
CKHCF,K,임신/여성생식계,H,20주 이상의 임신,CF,진통(자궁수축>5분),3
CKHCE,K,임신/여성생식계,H,20주 이상의 임신,CE,"질 출혈,현재는 멈춤",3
CKHCD,K,임신/여성생식계,H,20주 이상의 임신,CD,수축기 혈압>140mmHg또는 이완기 혈압>90mmHg,3
CKHCC,K,임신/여성생식계,H,20주 이상의 임신,CC,복부를 제외한 부위의 경증 외상,3
CKHCB,K,임신/여성생식계,H,20주 이상의 임신,CB,양수누출,3
CKHCA,K,임신/여성생식계,H,20주 이상의 임신,CA,임신주수>20주,4
CKIAA,K,임신/여성생식계,I,성폭행,AA,중증 호흡곤란,1
CKIAD,K,임신/여성생식계,I,성폭행,AD,쇼크,1
CKIAG,K,임신/여성생식계,I,성폭행,AG,"무의식(U, GCS 3-8)",1
CKIAB,K,임신/여성생식계,I,성폭행,AB,중등도 호흡곤란,2
CKIAE,K,임신/여성생식계,I,성폭행,AE,혈역학적 장애,2
CKIAH,K,임신/여성생식계,I,성폭행,AH,"의식변화(V/P, GCS 9-13)",2
CKIAI,K,임신/여성생식계,I,성폭행,AI,"열,면역저하 상태",2
CKIAJ,K,임신/여성생식계,I,성폭행,AJ,패혈증 의증(3개 이상의SIRS기준 만족),2
CKIAC,K,임신/여성생식계,I,성폭행,AC,경증 호흡곤란,3
CKIAF,K,임신/여성생식계,I,성폭행,AF,비정상 맥박수이지만 혈역학적으로 안정,3
CKIAK,K,임신/여성생식계,I,성폭행,AK,전신염증반응증후군(열을 포함한2개의SIRS기준 만족),3
CKIAL,K,임신/여성생식계,I,성폭행,AL,열(아파보임),3
CKIAM,K,임신/여성생식계,I,성폭행,AM,열(건강해 보임),4
CKIBA,K,임신/여성생식계,I,성폭행,BA,급성 통증(8-10),2
CKIBB,K,임신/여성생식계,I,성폭행,BB,급성 통증(4-7),3
CKIBC,K,임신/여성생식계,I,성폭행,BC,급성 통증(<4),4
CKICC,K,임신/여성생식계,I,성폭행,CC,<2시간,2
CKICB,K,임신/여성생식계,I,성폭행,CB,≥2시간부터<12시간,3
CKICA,K,임신/여성생식계,I,성폭행,CA,≥12시간;손상없음,4
CKJAA,K,임신/여성생식계,J,생식기의 외상,AA,중증 호흡곤란,1
CKJAD,K,임신/여성생식계,J,생식기의 외상,AD,쇼크,1
CKJAG,K,임신/여성생식계,J,생식기의 외상,AG,"무의식(U, GCS 3-8)",1
CKJAB,K,임신/여성생식계,J,생식기의 외상,AB,중등도 호흡곤란,2
CKJAE,K,임신/여성생식계,J,생식기의 외상,AE,혈역학적 장애,2
CKJAH,K,임신/여성생식계,J,생식기의 외상,AH,"의식변화(V/P, GCS 9-13)",2
CKJAI,K,임신/여성생식계,J,생식기의 외상,AI,"열,면역저하 상태",2
CKJAJ,K,임신/여성생식계,J,생식기의 외상,AJ,패혈증 의증(3개 이상의SIRS기준 만족),2
CKJAC,K,임신/여성생식계,J,생식기의 외상,AC,경증 호흡곤란,3
CKJAF,K,임신/여성생식계,J,생식기의 외상,AF,비정상 맥박수이지만 혈역학적으로 안정,3
CKJAK,K,임신/여성생식계,J,생식기의 외상,AK,전신염증반응증후군(열을 포함한2개의SIRS기준 만족),3
CKJAL,K,임신/여성생식계,J,생식기의 외상,AL,열(아파보임),3
CKJAM,K,임신/여성생식계,J,생식기의 외상,AM,열(건강해 보임),4
CKJBA,K,임신/여성생식계,J,생식기의 외상,BA,급성 통증(8-10),2
CKJBL,K,임신/여성생식계,J,생식기의 외상,BL,출혈성 질환(생명 혹은 사지를 소실할 정도의 위급한 출혈),2
CKJBB,K,임신/여성생식계,J,생식기의 외상,BB,급성 통증(4-7),3
CKJBD,K,임신/여성생식계,J,생식기의 외상,BD,만성 통증(8-10),3
CKJBM,K,임신/여성생식계,J,생식기의 외상,BM,출혈성 질환(중등도나 경도의 출혈),3
CKJBC,K,임신/여성생식계,J,생식기의 외상,BC,급성 통증(<4),4
CKJBE,K,임신/여성생식계,J,생식기의 외상,BE,만성 통증(4-7),4
CKJBF,K,임신/여성생식계,J,생식기의 외상,BF,만성 통증(<4),5
CKJCB,K,임신/여성생식계,J,생식기의 외상,CB,"성폭행,안정되어 있음",3
CKJCA,K,임신/여성생식계,J,생식기의 외상,CA,"생식기의 외상,통증 없음",5
CKKAA,K,임신/여성생식계,K,출산 후 문제(6주 이내),AA,중증 호흡곤란,1
CKKAD,K,임신/여성생식계,K,출산 후 문제(6주 이내),AD,쇼크,1
CKKAG,K,임신/여성생식계,K,출산 후 문제(6주 이내),AG,"무의식(U, GCS 3-8)",1
CKKAB,K,임신/여성생식계,K,출산 후 문제(6주 이내),AB,중등도 호흡곤란,2
CKKAE,K,임신/여성생식계,K,출산 후 문제(6주 이내),AE,혈역학적 장애,2
CKKAH,K,임신/여성생식계,K,출산 후 문제(6주 이내),AH,"의식변화(V/P, GCS 9-13)",2
CKKAI,K,임신/여성생식계,K,출산 후 문제(6주 이내),AI,"열,면역저하 상태",2
CKKAJ,K,임신/여성생식계,K,출산 후 문제(6주 이내),AJ,패혈증 의증(3개 이상의SIRS기준 만족),2
CKKAC,K,임신/여성생식계,K,출산 후 문제(6주 이내),AC,경증 호흡곤란,3
CKKAF,K,임신/여성생식계,K,출산 후 문제(6주 이내),AF,비정상 맥박수이지만 혈역학적으로 안정,3
CKKAK,K,임신/여성생식계,K,출산 후 문제(6주 이내),AK,전신염증반응증후군(열을 포함한2개의SIRS기준 만족),3
CKKAL,K,임신/여성생식계,K,출산 후 문제(6주 이내),AL,열(아파보임),3
CKKAM,K,임신/여성생식계,K,출산 후 문제(6주 이내),AM,열(건강해 보임),4
CKKBA,K,임신/여성생식계,K,출산 후 문제(6주 이내),BA,급성 통증(8-10),2
CKKBL,K,임신/여성생식계,K,출산 후 문제(6주 이내),BL,출혈성 질환(생명 혹은 사지를 소실할 정도의 위급한 출혈),2
CKKBN,K,임신/여성생식계,K,출산 후 문제(6주 이내),BN,고위험성 사고기전,2
CKKBB,K,임신/여성생식계,K,출산 후 문제(6주 이내),BB,급성 통증(4-7),3
CKKBM,K,임신/여성생식계,K,출산 후 문제(6주 이내),BM,출혈성 질환(중등도나 경도의 출혈),3
CKKBC,K,임신/여성생식계,K,출산 후 문제(6주 이내),BC,급성 통증(<4),4
CKKCN,K,임신/여성생식계,K,출산 후 문제(6주 이내),CN,발작 중 또는 발작 후 상태,1
CKKCM,K,임신/여성생식계,K,출산 후 문제(6주 이내),CM,핏덩이를 동반한 지속되는 질 출혈,2
CKKCL,K,임신/여성생식계,K,출산 후 문제(6주 이내),CL,수축기 혈압>160mmHg또는 이완기 혈압>100mmHg,2
CKKCK,K,임신/여성생식계,K,출산 후 문제(6주 이내),CK,두통±부종±명치통증±시각장애±뇌졸중 증상,2
CKKCJ,K,임신/여성생식계,K,출산 후 문제(6주 이내),CJ,"오한,상처의 발적 또는 화농성 분비물",2
CKKCI,K,임신/여성생식계,K,출산 후 문제(6주 이내),CI,비정상적 질분비물을 동반한 골반/복부 통증,2
CKKCH,K,임신/여성생식계,K,출산 후 문제(6주 이내),CH,출산72시간 이내의 배뇨통 또는 소변배출 장애,2
CKKCG,K,임신/여성생식계,K,출산 후 문제(6주 이내),CG,고위험 물질의 오용,2
CKKCF,K,임신/여성생식계,K,출산 후 문제(6주 이내),CF,출산후5일 이내의 선홍색/점상출혈,3
CKKCE,K,임신/여성생식계,K,출산 후 문제(6주 이내),CE,수축기 혈압>140mmHg또는 이완기 혈압>90mmHg,3
CKKCD,K,임신/여성생식계,K,출산 후 문제(6주 이내),CD,경막외 마취후 지속되는 두통,3
CKKCC,K,임신/여성생식계,K,출산 후 문제(6주 이내),CC,경증/중등도의 두통±비체위성(non-dependent)부종,3
CKKCB,K,임신/여성생식계,K,출산 후 문제(6주 이내),CB,장액/혈액성의 분비물을 동반한 상처 발적 또는 부종,3
CKKCA,K,임신/여성생식계,K,출산 후 문제(6주 이내),CA,"출산후10일 이상 경과한 출혈,활력징후 정상",4
CLAAA,L,비뇨기계/남성생식계,A,옆구리 통증,AA,중증 호흡곤란,1
CLAAD,L,비뇨기계/남성생식계,A,옆구리 통증,AD,쇼크,1
CLAAG,L,비뇨기계/남성생식계,A,옆구리 통증,AG,"무의식(U, GCS 3-8)",1
CLAAB,L,비뇨기계/남성생식계,A,옆구리 통증,AB,중등도 호흡곤란,2
CLAAE,L,비뇨기계/남성생식계,A,옆구리 통증,AE,혈역학적 장애,2
CLAAH,L,비뇨기계/남성생식계,A,옆구리 통증,AH,"의식변화(V/P, GCS 9-13)",2
CLAAI,L,비뇨기계/남성생식계,A,옆구리 통증,AI,"열,면역저하 상태",2
CLAAJ,L,비뇨기계/남성생식계,A,옆구리 통증,AJ,패혈증 의증(3개 이상의SIRS기준 만족),2
CLAAC,L,비뇨기계/남성생식계,A,옆구리 통증,AC,경증 호흡곤란,3
CLAAF,L,비뇨기계/남성생식계,A,옆구리 통증,AF,비정상 맥박수이지만 혈역학적으로 안정,3
CLAAK,L,비뇨기계/남성생식계,A,옆구리 통증,AK,전신염증반응증후군(열을 포함한2개의SIRS기준 만족),3
CLAAL,L,비뇨기계/남성생식계,A,옆구리 통증,AL,열(아파보임),3
CLAAM,L,비뇨기계/남성생식계,A,옆구리 통증,AM,열(건강해 보임),4
CLABA,L,비뇨기계/남성생식계,A,옆구리 통증,BA,급성 통증(8-10),2
CLABB,L,비뇨기계/남성생식계,A,옆구리 통증,BB,급성 통증(4-7),3
CLABD,L,비뇨기계/남성생식계,A,옆구리 통증,BD,만성 통증(8-10),3
CLABC,L,비뇨기계/남성생식계,A,옆구리 통증,BC,급성 통증(<4),4
CLABE,L,비뇨기계/남성생식계,A,옆구리 통증,BE,만성 통증(4-7),4
CLABF,L,비뇨기계/남성생식계,A,옆구리 통증,BF,만성 통증(<4),5
CLBAA,L,비뇨기계/남성생식계,B,혈뇨,AA,중증 호흡곤란,1
CLBAD,L,비뇨기계/남성생식계,B,혈뇨,AD,쇼크,1
CLBAG,L,비뇨기계/남성생식계,B,혈뇨,AG,"무의식(U, GCS 3-8)",1
CLBAB,L,비뇨기계/남성생식계,B,혈뇨,AB,중등도 호흡곤란,2
CLBAE,L,비뇨기계/남성생식계,B,혈뇨,AE,혈역학적 장애,2
CLBAH,L,비뇨기계/남성생식계,B,혈뇨,AH,"의식변화(V/P, GCS 9-13)",2
CLBAI,L,비뇨기계/남성생식계,B,혈뇨,AI,"열,면역저하 상태",2
CLBAJ,L,비뇨기계/남성생식계,B,혈뇨,AJ,패혈증 의증(3개 이상의SIRS기준 만족),2
CLBAC,L,비뇨기계/남성생식계,B,혈뇨,AC,경증 호흡곤란,3
CLBAF,L,비뇨기계/남성생식계,B,혈뇨,AF,비정상 맥박수이지만 혈역학적으로 안정,3
CLBAK,L,비뇨기계/남성생식계,B,혈뇨,AK,전신염증반응증후군(열을 포함한2개의SIRS기준 만족),3
CLBAL,L,비뇨기계/남성생식계,B,혈뇨,AL,열(아파보임),3
CLBAM,L,비뇨기계/남성생식계,B,혈뇨,AM,열(건강해 보임),4
CLBBA,L,비뇨기계/남성생식계,B,혈뇨,BA,급성 통증(8-10),2
CLBBL,L,비뇨기계/남성생식계,B,혈뇨,BL,출혈성 질환(생명 혹은 사지를 소실할 정도의 위급한 출혈),2
CLBBB,L,비뇨기계/남성생식계,B,혈뇨,BB,급성 통증(4-7),3
CLBBD,L,비뇨기계/남성생식계,B,혈뇨,BD,만성 통증(8-10),3
CLBBM,L,비뇨기계/남성생식계,B,혈뇨,BM,출혈성 질환(중등도나 경도의 출혈),3
CLBBC,L,비뇨기계/남성생식계,B,혈뇨,BC,급성 통증(<4),4
CLBBE,L,비뇨기계/남성생식계,B,혈뇨,BE,만성 통증(4-7),4
CLBBF,L,비뇨기계/남성생식계,B,혈뇨,BF,만성 통증(<4),5
CLBCA,L,비뇨기계/남성생식계,B,혈뇨,CA,혈뇨,5
CLCAC,L,비뇨기계/남성생식계,C,생식기의 분비물/피부병변,AC,경증 호흡곤란,3
CLCAF,L,비뇨기계/남성생식계,C,생식기의 분비물/피부병변,AF,비정상 맥박수이지만 혈역학적으로 안정,3
CLCAK,L,비뇨기계/남성생식계,C,생식기의 분비물/피부병변,AK,전신염증반응증후군(열을 포함한2개의SIRS기준 만족),3
CLCAL,L,비뇨기계/남성생식계,C,생식기의 분비물/피부병변,AL,열(아파보임),3
CLCAM,L,비뇨기계/남성생식계,C,생식기의 분비물/피부병변,AM,열(건강해 보임),4
CLCBG,L,비뇨기계/남성생식계,C,생식기의 분비물/피부병변,BG,급성 통증(8-10),3
CLCBH,L,비뇨기계/남성생식계,C,생식기의 분비물/피부병변,BH,급성 통증(4-7),4
CLCBJ,L,비뇨기계/남성생식계,C,생식기의 분비물/피부병변,BJ,만성 통증(8-10),4
CLCBI,L,비뇨기계/남성생식계,C,생식기의 분비물/피부병변,BI,급성 통증(<4),5
CLCBK,L,비뇨기계/남성생식계,C,생식기의 분비물/피부병변,BK,만성 통증(<8),5
CLCCA,L,비뇨기계/남성생식계,C,생식기의 분비물/피부병변,CA,생식기의 분비물/피부병변,5
CLDAB,L,비뇨기계/남성생식계,D,음경부종,AB,중등도 호흡곤란,2
CLDAE,L,비뇨기계/남성생식계,D,음경부종,AE,혈역학적 장애,2
CLDAH,L,비뇨기계/남성생식계,D,음경부종,AH,"의식변화(V/P, GCS 9-13)",2
CLDAI,L,비뇨기계/남성생식계,D,음경부종,AI,"열,면역저하 상태",2
CLDAJ,L,비뇨기계/남성생식계,D,음경부종,AJ,패혈증 의증(3개 이상의SIRS기준 만족),2
CLDAC,L,비뇨기계/남성생식계,D,음경부종,AC,경증 호흡곤란,3
CLDAF,L,비뇨기계/남성생식계,D,음경부종,AF,비정상 맥박수이지만 혈역학적으로 안정,3
CLDAK,L,비뇨기계/남성생식계,D,음경부종,AK,전신염증반응증후군(열을 포함한2개의SIRS기준 만족),3
CLDAL,L,비뇨기계/남성생식계,D,음경부종,AL,열(아파보임),3
CLDAM,L,비뇨기계/남성생식계,D,음경부종,AM,열(건강해 보임),4
CLDBG,L,비뇨기계/남성생식계,D,음경부종,BG,급성 통증(8-10),3
CLDBH,L,비뇨기계/남성생식계,D,음경부종,BH,급성 통증(4-7),4
CLDBJ,L,비뇨기계/남성생식계,D,음경부종,BJ,만성 통증(8-10),4
CLDBI,L,비뇨기계/남성생식계,D,음경부종,BI,급성 통증(<4),5
CLDBK,L,비뇨기계/남성생식계,D,음경부종,BK,만성 통증(<8),5
CLDCC,L,비뇨기계/남성생식계,D,음경부종,CC,지속발기증,2
CLDCB,L,비뇨기계/남성생식계,D,음경부종,CB,"감돈포경(안으로 말린 음경꺼풀,정복되지 않음)",2
CLDCA,L,비뇨기계/남성생식계,D,음경부종,CA,음경부종,5
CLEAB,L,비뇨기계/남성생식계,E,고환 통증/부종,AB,중등도 호흡곤란,2
CLEAE,L,비뇨기계/남성생식계,E,고환 통증/부종,AE,혈역학적 장애,2
CLEAH,L,비뇨기계/남성생식계,E,고환 통증/부종,AH,"의식변화(V/P, GCS 9-13)",2
CLEAI,L,비뇨기계/남성생식계,E,고환 통증/부종,AI,"열,면역저하 상태",2
CLEAJ,L,비뇨기계/남성생식계,E,고환 통증/부종,AJ,패혈증 의증(3개 이상의SIRS기준 만족),2
CLEAC,L,비뇨기계/남성생식계,E,고환 통증/부종,AC,경증 호흡곤란,3
CLEAF,L,비뇨기계/남성생식계,E,고환 통증/부종,AF,비정상 맥박수이지만 혈역학적으로 안정,3
CLEAK,L,비뇨기계/남성생식계,E,고환 통증/부종,AK,전신염증반응증후군(열을 포함한2개의SIRS기준 만족),3
CLEAL,L,비뇨기계/남성생식계,E,고환 통증/부종,AL,열(아파보임),3
CLEAM,L,비뇨기계/남성생식계,E,고환 통증/부종,AM,열(건강해 보임),4
CLEBA,L,비뇨기계/남성생식계,E,고환 통증/부종,BA,급성 통증(8-10),2
CLEBB,L,비뇨기계/남성생식계,E,고환 통증/부종,BB,급성 통증(4-7),3
CLEBD,L,비뇨기계/남성생식계,E,고환 통증/부종,BD,만성 통증(8-10),3
CLEBC,L,비뇨기계/남성생식계,E,고환 통증/부종,BC,급성 통증(<4),4
CLEBE,L,비뇨기계/남성생식계,E,고환 통증/부종,BE,만성 통증(4-7),4
CLEBF,L,비뇨기계/남성생식계,E,고환 통증/부종,BF,만성 통증(<4),5
CLECA,L,비뇨기계/남성생식계,E,고환 통증/부종,CA,고환 통증/부종,5
CLFAI,L,비뇨기계/남성생식계,F,소변 배출장애,AI,"열,면역저하 상태",2
CLFAJ,L,비뇨기계/남성생식계,F,소변 배출장애,AJ,패혈증 의증(3개 이상의SIRS기준 만족),2
CLFAK,L,비뇨기계/남성생식계,F,소변 배출장애,AK,전신염증반응증후군(열을 포함한2개의SIRS기준 만족),3
CLFAL,L,비뇨기계/남성생식계,F,소변 배출장애,AL,열(아파보임),3
CLFAM,L,비뇨기계/남성생식계,F,소변 배출장애,AM,열(건강해 보임),4
CLFBA,L,비뇨기계/남성생식계,F,소변 배출장애,BA,급성 통증(8-10),2
CLFBB,L,비뇨기계/남성생식계,F,소변 배출장애,BB,급성 통증(4-7),3
CLFBD,L,비뇨기계/남성생식계,F,소변 배출장애,BD,만성 통증(8-10),3
CLFBC,L,비뇨기계/남성생식계,F,소변 배출장애,BC,급성 통증(<4),4
CLFBE,L,비뇨기계/남성생식계,F,소변 배출장애,BE,만성 통증(4-7),4
CLFBF,L,비뇨기계/남성생식계,F,소변 배출장애,BF,만성 통증(<4),5
CLFCA,L,비뇨기계/남성생식계,F,소변 배출장애,CA,소변 배출장애,4
CLGAB,L,비뇨기계/남성생식계,G,요로감염 증상,AB,중등도 호흡곤란,2
CLGAE,L,비뇨기계/남성생식계,G,요로감염 증상,AE,혈역학적 장애,2
CLGAH,L,비뇨기계/남성생식계,G,요로감염 증상,AH,"의식변화(V/P, GCS 9-13)",2
CLGAI,L,비뇨기계/남성생식계,G,요로감염 증상,AI,"열,면역저하 상태",2
CLGAJ,L,비뇨기계/남성생식계,G,요로감염 증상,AJ,패혈증 의증(3개 이상의SIRS기준 만족),2
CLGAC,L,비뇨기계/남성생식계,G,요로감염 증상,AC,경증 호흡곤란,3
CLGAF,L,비뇨기계/남성생식계,G,요로감염 증상,AF,비정상 맥박수이지만 혈역학적으로 안정,3
CLGAK,L,비뇨기계/남성생식계,G,요로감염 증상,AK,전신염증반응증후군(열을 포함한2개의SIRS기준 만족),3
CLGAL,L,비뇨기계/남성생식계,G,요로감염 증상,AL,열(아파보임),3
CLGAM,L,비뇨기계/남성생식계,G,요로감염 증상,AM,열(건강해 보임),4
CLGBA,L,비뇨기계/남성생식계,G,요로감염 증상,BA,급성 통증(8-10),2
CLGBB,L,비뇨기계/남성생식계,G,요로감염 증상,BB,급성 통증(4-7),3
CLGBG,L,비뇨기계/남성생식계,G,요로감염 증상,BG,급성 통증(8-10),3
CLGBD,L,비뇨기계/남성생식계,G,요로감염 증상,BD,만성 통증(8-10),3
CLGBC,L,비뇨기계/남성생식계,G,요로감염 증상,BC,급성 통증(<4),4
CLGBH,L,비뇨기계/남성생식계,G,요로감염 증상,BH,급성 통증(4-7),4
CLGBE,L,비뇨기계/남성생식계,G,요로감염 증상,BE,만성 통증(4-7),4
CLGBF,L,비뇨기계/남성생식계,G,요로감염 증상,BF,만성 통증(<4),5
CLGBI,L,비뇨기계/남성생식계,G,요로감염 증상,BI,급성 통증(<4),5
CLGCA,L,비뇨기계/남성생식계,G,요로감염 증상,CA,"만성,경증 요로감염 증상호소/증상",5
CLHAA,L,비뇨기계/남성생식계,H,핍뇨증,AA,중증 호흡곤란,1
CLHAD,L,비뇨기계/남성생식계,H,핍뇨증,AD,쇼크,1
CLHAG,L,비뇨기계/남성생식계,H,핍뇨증,AG,"무의식(U, GCS 3-8)",1
CLHAB,L,비뇨기계/남성생식계,H,핍뇨증,AB,중등도 호흡곤란,2
CLHAE,L,비뇨기계/남성생식계,H,핍뇨증,AE,혈역학적 장애,2
CLHAH,L,비뇨기계/남성생식계,H,핍뇨증,AH,"의식변화(V/P, GCS 9-13)",2
CLHAI,L,비뇨기계/남성생식계,H,핍뇨증,AI,"열,면역저하 상태",2
CLHAJ,L,비뇨기계/남성생식계,H,핍뇨증,AJ,패혈증 의증(3개 이상의SIRS기준 만족),2
CLHAC,L,비뇨기계/남성생식계,H,핍뇨증,AC,경증 호흡곤란,3
CLHAF,L,비뇨기계/남성생식계,H,핍뇨증,AF,비정상 맥박수이지만 혈역학적으로 안정,3
CLHAK,L,비뇨기계/남성생식계,H,핍뇨증,AK,전신염증반응증후군(열을 포함한2개의SIRS기준 만족),3
CLHAL,L,비뇨기계/남성생식계,H,핍뇨증,AL,열(아파보임),3
CLHAM,L,비뇨기계/남성생식계,H,핍뇨증,AM,열(건강해 보임),4
CLHBA,L,비뇨기계/남성생식계,H,핍뇨증,BA,급성 통증(8-10),2
CLHBB,L,비뇨기계/남성생식계,H,핍뇨증,BB,급성 통증(4-7),3
CLHBC,L,비뇨기계/남성생식계,H,핍뇨증,BC,급성 통증(<4),4
CLHCA,L,비뇨기계/남성생식계,H,핍뇨증,CA,핍뇨증,4
CLIAA,L,비뇨기계/남성생식계,I,다뇨증,AA,중증 호흡곤란,1
CLIAD,L,비뇨기계/남성생식계,I,다뇨증,AD,쇼크,1
CLIAG,L,비뇨기계/남성생식계,I,다뇨증,AG,"무의식(U, GCS 3-8)",1
CLIAB,L,비뇨기계/남성생식계,I,다뇨증,AB,중등도 호흡곤란,2
CLIAE,L,비뇨기계/남성생식계,I,다뇨증,AE,혈역학적 장애,2
CLIAH,L,비뇨기계/남성생식계,I,다뇨증,AH,"의식변화(V/P, GCS 9-13)",2
CLIAI,L,비뇨기계/남성생식계,I,다뇨증,AI,"열,면역저하 상태",2
CLIAJ,L,비뇨기계/남성생식계,I,다뇨증,AJ,패혈증 의증(3개 이상의SIRS기준 만족),2
CLIAC,L,비뇨기계/남성생식계,I,다뇨증,AC,경증 호흡곤란,3
CLIAF,L,비뇨기계/남성생식계,I,다뇨증,AF,비정상 맥박수이지만 혈역학적으로 안정,3
CLIAK,L,비뇨기계/남성생식계,I,다뇨증,AK,전신염증반응증후군(열을 포함한2개의SIRS기준 만족),3
CLIAL,L,비뇨기계/남성생식계,I,다뇨증,AL,열(아파보임),3
CLIAM,L,비뇨기계/남성생식계,I,다뇨증,AM,열(건강해 보임),4
CLIBA,L,비뇨기계/남성생식계,I,다뇨증,BA,급성 통증(8-10),2
CLIBB,L,비뇨기계/남성생식계,I,다뇨증,BB,급성 통증(4-7),3
CLIBC,L,비뇨기계/남성생식계,I,다뇨증,BC,급성 통증(<4),4
CLICA,L,비뇨기계/남성생식계,I,다뇨증,CA,다뇨증,4
CLJAA,L,비뇨기계/남성생식계,J,생식기의 외상,AA,중증 호흡곤란,1
CLJAD,L,비뇨기계/남성생식계,J,생식기의 외상,AD,쇼크,1
CLJAG,L,비뇨기계/남성생식계,J,생식기의 외상,AG,"무의식(U, GCS 3-8)",1
CLJAB,L,비뇨기계/남성생식계,J,생식기의 외상,AB,중등도 호흡곤란,2
CLJAE,L,비뇨기계/남성생식계,J,생식기의 외상,AE,혈역학적 장애,2
CLJAH,L,비뇨기계/남성생식계,J,생식기의 외상,AH,"의식변화(V/P, GCS 9-13)",2
CLJAI,L,비뇨기계/남성생식계,J,생식기의 외상,AI,"열,면역저하 상태",2
CLJAJ,L,비뇨기계/남성생식계,J,생식기의 외상,AJ,패혈증 의증(3개 이상의SIRS기준 만족),2
CLJAC,L,비뇨기계/남성생식계,J,생식기의 외상,AC,경증 호흡곤란,3
CLJAF,L,비뇨기계/남성생식계,J,생식기의 외상,AF,비정상 맥박수이지만 혈역학적으로 안정,3
CLJAK,L,비뇨기계/남성생식계,J,생식기의 외상,AK,전신염증반응증후군(열을 포함한2개의SIRS기준 만족),3
CLJAL,L,비뇨기계/남성생식계,J,생식기의 외상,AL,열(아파보임),3
CLJAM,L,비뇨기계/남성생식계,J,생식기의 외상,AM,열(건강해 보임),4
CLJBA,L,비뇨기계/남성생식계,J,생식기의 외상,BA,급성 통증(8-10),2
CLJBL,L,비뇨기계/남성생식계,J,생식기의 외상,BL,출혈성 질환(생명 혹은 사지를 소실할 정도의 위급한 출혈),2
CLJBB,L,비뇨기계/남성생식계,J,생식기의 외상,BB,급성 통증(4-7),3
CLJBD,L,비뇨기계/남성생식계,J,생식기의 외상,BD,만성 통증(8-10),3
CLJBM,L,비뇨기계/남성생식계,J,생식기의 외상,BM,출혈성 질환(중등도나 경도의 출혈),3
CLJBC,L,비뇨기계/남성생식계,J,생식기의 외상,BC,급성 통증(<4),4
CLJBE,L,비뇨기계/남성생식계,J,생식기의 외상,BE,만성 통증(4-7),4
CLJBF,L,비뇨기계/남성생식계,J,생식기의 외상,BF,만성 통증(<4),5
CLJCB,L,비뇨기계/남성생식계,J,생식기의 외상,CB,"성폭행,안정되어 있음",3
CLJCA,L,비뇨기계/남성생식계,J,생식기의 외상,CA,"생식기의 외상,통증 없음",5
CLKAA,L,비뇨기계/남성생식계,K,성폭행(남성),AA,중증 호흡곤란,1
CLKAD,L,비뇨기계/남성생식계,K,성폭행(남성),AD,쇼크,1
CLKAG,L,비뇨기계/남성생식계,K,성폭행(남성),AG,"무의식(U, GCS 3-8)",1
CLKAB,L,비뇨기계/남성생식계,K,성폭행(남성),AB,중등도 호흡곤란,2
CLKAE,L,비뇨기계/남성생식계,K,성폭행(남성),AE,혈역학적 장애,2
CLKAH,L,비뇨기계/남성생식계,K,성폭행(남성),AH,"의식변화(V/P, GCS 9-13)",2
CLKAI,L,비뇨기계/남성생식계,K,성폭행(남성),AI,"열,면역저하 상태",2
CLKAJ,L,비뇨기계/남성생식계,K,성폭행(남성),AJ,패혈증 의증(3개 이상의SIRS기준 만족),2
CLKAC,L,비뇨기계/남성생식계,K,성폭행(남성),AC,경증 호흡곤란,3
CLKAF,L,비뇨기계/남성생식계,K,성폭행(남성),AF,비정상 맥박수이지만 혈역학적으로 안정,3
CLKAK,L,비뇨기계/남성생식계,K,성폭행(남성),AK,전신염증반응증후군(열을 포함한2개의SIRS기준 만족),3
CLKAL,L,비뇨기계/남성생식계,K,성폭행(남성),AL,열(아파보임),3
CLKAM,L,비뇨기계/남성생식계,K,성폭행(남성),AM,열(건강해 보임),4
CLKBA,L,비뇨기계/남성생식계,K,성폭행(남성),BA,급성 통증(8-10),2
CLKBB,L,비뇨기계/남성생식계,K,성폭행(남성),BB,급성 통증(4-7),3
CLKBC,L,비뇨기계/남성생식계,K,성폭행(남성),BC,급성 통증(<4),4
CLKCC,L,비뇨기계/남성생식계,K,성폭행(남성),CC,<2시간,2
CLKCB,L,비뇨기계/남성생식계,K,성폭행(남성),CB,≥2시간부터<12시간,3
CLKCA,L,비뇨기계/남성생식계,K,성폭행(남성),CA,≥12시간;손상없음,4
CMAAA,M,근골격계,A,"목,등,허리 통증",AA,중증 호흡곤란,1
CMAAD,M,근골격계,A,"목,등,허리 통증",AD,쇼크,1
CMAAG,M,근골격계,A,"목,등,허리 통증",AG,"무의식(U, GCS 3-8)",1
CMAAB,M,근골격계,A,"목,등,허리 통증",AB,중등도 호흡곤란,2
CMAAE,M,근골격계,A,"목,등,허리 통증",AE,혈역학적 장애,2
CMAAH,M,근골격계,A,"목,등,허리 통증",AH,"의식변화(V/P, GCS 9-13)",2
CMAAI,M,근골격계,A,"목,등,허리 통증",AI,"열,면역저하 상태",2
CMAAJ,M,근골격계,A,"목,등,허리 통증",AJ,패혈증 의증(3개 이상의SIRS기준 만족),2
CMAAC,M,근골격계,A,"목,등,허리 통증",AC,경증 호흡곤란,3
CMAAF,M,근골격계,A,"목,등,허리 통증",AF,비정상 맥박수이지만 혈역학적으로 안정,3
CMAAK,M,근골격계,A,"목,등,허리 통증",AK,전신염증반응증후군(열을 포함한2개의SIRS기준 만족),3
CMAAL,M,근골격계,A,"목,등,허리 통증",AL,열(아파보임),3
CMAAM,M,근골격계,A,"목,등,허리 통증",AM,열(건강해 보임),4
CMABA,M,근골격계,A,"목,등,허리 통증",BA,급성 통증(8-10),2
CMABB,M,근골격계,A,"목,등,허리 통증",BB,급성 통증(4-7),3
CMABD,M,근골격계,A,"목,등,허리 통증",BD,만성 통증(8-10),3
CMABC,M,근골격계,A,"목,등,허리 통증",BC,급성 통증(<4),4
CMABE,M,근골격계,A,"목,등,허리 통증",BE,만성 통증(4-7),4
CMABF,M,근골격계,A,"목,등,허리 통증",BF,만성 통증(<4),5
CMACB,M,근골격계,A,"목,등,허리 통증",CB,신경학적 손상±장과 방광의 기능장애,2
CMBAA,M,근골격계,B,"외상성 목,등,허리 손상",AA,중증 호흡곤란,1
CMBAD,M,근골격계,B,"외상성 목,등,허리 손상",AD,쇼크,1
CMBAG,M,근골격계,B,"외상성 목,등,허리 손상",AG,"무의식(U, GCS 3-8)",1
CMBAB,M,근골격계,B,"외상성 목,등,허리 손상",AB,중등도 호흡곤란,2
CMBAE,M,근골격계,B,"외상성 목,등,허리 손상",AE,혈역학적 장애,2
CMBAH,M,근골격계,B,"외상성 목,등,허리 손상",AH,"의식변화(V/P, GCS 9-13)",2
CMBAI,M,근골격계,B,"외상성 목,등,허리 손상",AI,"열,면역저하 상태",2
CMBAJ,M,근골격계,B,"외상성 목,등,허리 손상",AJ,패혈증 의증(3개 이상의SIRS기준 만족),2
CMBAC,M,근골격계,B,"외상성 목,등,허리 손상",AC,경증 호흡곤란,3
CMBAF,M,근골격계,B,"외상성 목,등,허리 손상",AF,비정상 맥박수이지만 혈역학적으로 안정,3
CMBAK,M,근골격계,B,"외상성 목,등,허리 손상",AK,전신염증반응증후군(열을 포함한2개의SIRS기준 만족),3
CMBAL,M,근골격계,B,"외상성 목,등,허리 손상",AL,열(아파보임),3
CMBAM,M,근골격계,B,"외상성 목,등,허리 손상",AM,열(건강해 보임),4
CMBBA,M,근골격계,B,"외상성 목,등,허리 손상",BA,급성 통증(8-10),2
CMBBL,M,근골격계,B,"외상성 목,등,허리 손상",BL,출혈성 질환(생명 혹은 사지를 소실할 정도의 위급한 출혈),2
CMBBN,M,근골격계,B,"외상성 목,등,허리 손상",BN,고위험성 사고기전,2
CMBBB,M,근골격계,B,"외상성 목,등,허리 손상",BB,급성 통증(4-7),3
CMBBM,M,근골격계,B,"외상성 목,등,허리 손상",BM,출혈성 질환(중등도나 경도의 출혈),3
CMBBC,M,근골격계,B,"외상성 목,등,허리 손상",BC,급성 통증(<4),4
CMBCB,M,근골격계,B,"외상성 목,등,허리 손상",CB,신경학적 손상±장과 방광의 기능장애,2
CMCAA,M,근골격계,C,절단,AA,중증 호흡곤란,1
CMCAD,M,근골격계,C,절단,AD,쇼크,1
CMCAG,M,근골격계,C,절단,AG,"무의식(U, GCS 3-8)",1
CMCAB,M,근골격계,C,절단,AB,중등도 호흡곤란,2
CMCAE,M,근골격계,C,절단,AE,혈역학적 장애,2
CMCAH,M,근골격계,C,절단,AH,"의식변화(V/P, GCS 9-13)",2
CMCAI,M,근골격계,C,절단,AI,"열,면역저하 상태",2
CMCAJ,M,근골격계,C,절단,AJ,패혈증 의증(3개 이상의SIRS기준 만족),2
CMCAC,M,근골격계,C,절단,AC,경증 호흡곤란,3
CMCAF,M,근골격계,C,절단,AF,비정상 맥박수이지만 혈역학적으로 안정,3
CMCAK,M,근골격계,C,절단,AK,전신염증반응증후군(열을 포함한2개의SIRS기준 만족),3
CMCAL,M,근골격계,C,절단,AL,열(아파보임),3
CMCAM,M,근골격계,C,절단,AM,열(건강해 보임),4
CMCBL,M,근골격계,C,절단,BL,출혈성 질환(생명 혹은 사지를 소실할 정도의 위급한 출혈),2
CMCBN,M,근골격계,C,절단,BN,고위험성 사고기전,2
CMCBG,M,근골격계,C,절단,BG,급성 통증(8-10),3
CMCBM,M,근골격계,C,절단,BM,출혈성 질환(중등도나 경도의 출혈),3
CMCCD,M,근골격계,C,절단,CD,사지의 외상성 절단,1
CMCCC,M,근골격계,C,절단,CC,손가락의 외상성 절단,2
CMCCB,M,근골격계,C,절단,CB,발가락의 외상성 절단,2
CMCCA,M,근골격계,C,절단,CA,절단,3
CMDAA,M,근골격계,D,상지 통증,AA,중증 호흡곤란,1
CMDAD,M,근골격계,D,상지 통증,AD,쇼크,1
CMDAG,M,근골격계,D,상지 통증,AG,"무의식(U, GCS 3-8)",1
CMDAB,M,근골격계,D,상지 통증,AB,중등도 호흡곤란,2
CMDAE,M,근골격계,D,상지 통증,AE,혈역학적 장애,2
CMDAH,M,근골격계,D,상지 통증,AH,"의식변화(V/P, GCS 9-13)",2
CMDAI,M,근골격계,D,상지 통증,AI,"열,면역저하 상태",2
CMDAJ,M,근골격계,D,상지 통증,AJ,패혈증 의증(3개 이상의SIRS기준 만족),2
CMDAC,M,근골격계,D,상지 통증,AC,경증 호흡곤란,3
CMDAF,M,근골격계,D,상지 통증,AF,비정상 맥박수이지만 혈역학적으로 안정,3
CMDAK,M,근골격계,D,상지 통증,AK,전신염증반응증후군(열을 포함한2개의SIRS기준 만족),3
CMDAL,M,근골격계,D,상지 통증,AL,열(아파보임),3
CMDAM,M,근골격계,D,상지 통증,AM,열(건강해 보임),4
CMDBL,M,근골격계,D,상지 통증,BL,출혈성 질환(생명 혹은 사지를 소실할 정도의 위급한 출혈),2
CMDBG,M,근골격계,D,상지 통증,BG,급성 통증(8-10),3
CMDBM,M,근골격계,D,상지 통증,BM,출혈성 질환(중등도나 경도의 출혈),3
CMDBH,M,근골격계,D,상지 통증,BH,급성 통증(4-7),4
CMDBJ,M,근골격계,D,상지 통증,BJ,만성 통증(8-10),4
CMDBI,M,근골격계,D,상지 통증,BI,급성 통증(<4),5
CMDBK,M,근골격계,D,상지 통증,BK,만성 통증(<8),5
CMDCD,M,근골격계,D,상지 통증,CD,신경혈관장애,2
CMDCC,M,근골격계,D,상지 통증,CC,"석고붕대가 꽉 끼어 아프고,신경혈관 장애를 동반함",3
CMDCB,M,근골격계,D,상지 통증,CB,석고붕대가 꽉 끼어 아프지만 신경혈관 장애는 없음,4
CMEAA,M,근골격계,E,하지 통증,AA,중증 호흡곤란,1
CMEAD,M,근골격계,E,하지 통증,AD,쇼크,1
CMEAG,M,근골격계,E,하지 통증,AG,"무의식(U, GCS 3-8)",1
CMEAB,M,근골격계,E,하지 통증,AB,중등도 호흡곤란,2
CMEAE,M,근골격계,E,하지 통증,AE,혈역학적 장애,2
CMEAH,M,근골격계,E,하지 통증,AH,"의식변화(V/P, GCS 9-13)",2
CMEAI,M,근골격계,E,하지 통증,AI,"열,면역저하 상태",2
CMEAJ,M,근골격계,E,하지 통증,AJ,패혈증 의증(3개 이상의SIRS기준 만족),2
CMEAC,M,근골격계,E,하지 통증,AC,경증 호흡곤란,3
CMEAF,M,근골격계,E,하지 통증,AF,비정상 맥박수이지만 혈역학적으로 안정,3
CMEAK,M,근골격계,E,하지 통증,AK,전신염증반응증후군(열을 포함한2개의SIRS기준 만족),3
CMEAL,M,근골격계,E,하지 통증,AL,열(아파보임),3
CMEAM,M,근골격계,E,하지 통증,AM,열(건강해 보임),4
CMEBL,M,근골격계,E,하지 통증,BL,출혈성 질환(생명 혹은 사지를 소실할 정도의 위급한 출혈),2
CMEBG,M,근골격계,E,하지 통증,BG,급성 통증(8-10),3
CMEBM,M,근골격계,E,하지 통증,BM,출혈성 질환(중등도나 경도의 출혈),3
CMEBH,M,근골격계,E,하지 통증,BH,급성 통증(4-7),4
CMEBJ,M,근골격계,E,하지 통증,BJ,만성 통증(8-10),4
CMEBI,M,근골격계,E,하지 통증,BI,급성 통증(<4),5
CMEBK,M,근골격계,E,하지 통증,BK,만성 통증(<8),5
CMECC,M,근골격계,E,하지 통증,CC,"석고붕대가 꽉 끼어 아프고,신경혈관 장애를 동반함",3
CMECB,M,근골격계,E,하지 통증,CB,석고붕대가 꽉 끼어 아프지만 신경혈관 장애는 없음,4
CMFAA,M,근골격계,F,상지 손상,AA,중증 호흡곤란,1
CMFAD,M,근골격계,F,상지 손상,AD,쇼크,1
CMFAG,M,근골격계,F,상지 손상,AG,"무의식(U, GCS 3-8)",1
CMFAB,M,근골격계,F,상지 손상,AB,중등도 호흡곤란,2
CMFAE,M,근골격계,F,상지 손상,AE,혈역학적 장애,2
CMFAH,M,근골격계,F,상지 손상,AH,"의식변화(V/P, GCS 9-13)",2
CMFAI,M,근골격계,F,상지 손상,AI,"열,면역저하 상태",2
CMFAJ,M,근골격계,F,상지 손상,AJ,패혈증 의증(3개 이상의SIRS기준 만족),2
CMFAC,M,근골격계,F,상지 손상,AC,경증 호흡곤란,3
CMFAF,M,근골격계,F,상지 손상,AF,비정상 맥박수이지만 혈역학적으로 안정,3
CMFAK,M,근골격계,F,상지 손상,AK,전신염증반응증후군(열을 포함한2개의SIRS기준 만족),3
CMFAL,M,근골격계,F,상지 손상,AL,열(아파보임),3
CMFAM,M,근골격계,F,상지 손상,AM,열(건강해 보임),4
CMFBL,M,근골격계,F,상지 손상,BL,출혈성 질환(생명 혹은 사지를 소실할 정도의 위급한 출혈),2
CMFBN,M,근골격계,F,상지 손상,BN,고위험성 사고기전,2
CMFBG,M,근골격계,F,상지 손상,BG,급성 통증(8-10),3
CMFBM,M,근골격계,F,상지 손상,BM,출혈성 질환(중등도나 경도의 출혈),3
CMFBH,M,근골격계,F,상지 손상,BH,급성 통증(4-7),4
CMFBJ,M,근골격계,F,상지 손상,BJ,만성 통증(8-10),4
CMFBI,M,근골격계,F,상지 손상,BI,급성 통증(<4),5
CMFBK,M,근골격계,F,상지 손상,BK,만성 통증(<8),5
CMFCE,M,근골격계,F,상지 손상,CE,개방성 골절 또는 신경혈관 장애,2
CMFCD,M,근골격계,F,상지 손상,CD,명백한 변형,3
CMFCC,M,근골격계,F,상지 손상,CC,"석고붕대가 꽉 끼어 아프고,신경혈관 장애를 동반함",3
CMFCB,M,근골격계,F,상지 손상,CB,석고붕대가 꽉 끼어 아프지만 신경혈관 장애는 없음,4
CMGAA,M,근골격계,G,하지 손상,AA,중증 호흡곤란,1
CMGAD,M,근골격계,G,하지 손상,AD,쇼크,1
CMGAG,M,근골격계,G,하지 손상,AG,"무의식(U, GCS 3-8)",1
CMGAB,M,근골격계,G,하지 손상,AB,중등도 호흡곤란,2
CMGAE,M,근골격계,G,하지 손상,AE,혈역학적 장애,2
CMGAH,M,근골격계,G,하지 손상,AH,"의식변화(V/P, GCS 9-13)",2
CMGAI,M,근골격계,G,하지 손상,AI,"열,면역저하 상태",2
CMGAJ,M,근골격계,G,하지 손상,AJ,패혈증 의증(3개 이상의SIRS기준 만족),2
CMGAC,M,근골격계,G,하지 손상,AC,경증 호흡곤란,3
CMGAF,M,근골격계,G,하지 손상,AF,비정상 맥박수이지만 혈역학적으로 안정,3
CMGAK,M,근골격계,G,하지 손상,AK,전신염증반응증후군(열을 포함한2개의SIRS기준 만족),3
CMGAL,M,근골격계,G,하지 손상,AL,열(아파보임),3
CMGAM,M,근골격계,G,하지 손상,AM,열(건강해 보임),4
CMGBL,M,근골격계,G,하지 손상,BL,출혈성 질환(생명 혹은 사지를 소실할 정도의 위급한 출혈),2
CMGBN,M,근골격계,G,하지 손상,BN,고위험성 사고기전,2
CMGBG,M,근골격계,G,하지 손상,BG,급성 통증(8-10),3
CMGBM,M,근골격계,G,하지 손상,BM,출혈성 질환(중등도나 경도의 출혈),3
CMGBH,M,근골격계,G,하지 손상,BH,급성 통증(4-7),4
CMGBJ,M,근골격계,G,하지 손상,BJ,만성 통증(8-10),4
CMGBI,M,근골격계,G,하지 손상,BI,급성 통증(<4),5
CMGBK,M,근골격계,G,하지 손상,BK,만성 통증(<8),5
CMGCE,M,근골격계,G,하지 손상,CE,개방성 골절 또는 신경혈관 장애,2
CMGCD,M,근골격계,G,하지 손상,CD,명백한 변형,3
CMGCC,M,근골격계,G,하지 손상,CC,"석고붕대가 꽉 끼어 아프고,신경혈관 장애를 동반함",3
CMGCB,M,근골격계,G,하지 손상,CB,석고붕대가 꽉 끼어 아프지만 신경혈관 장애는 없음,4
CMHAB,M,근골격계,H,관절 부종,AB,중등도 호흡곤란,2
CMHAE,M,근골격계,H,관절 부종,AE,혈역학적 장애,2
CMHAH,M,근골격계,H,관절 부종,AH,"의식변화(V/P, GCS 9-13)",2
CMHAI,M,근골격계,H,관절 부종,AI,"열,면역저하 상태",2
CMHAJ,M,근골격계,H,관절 부종,AJ,패혈증 의증(3개 이상의SIRS기준 만족),2
CMHAC,M,근골격계,H,관절 부종,AC,경증 호흡곤란,3
CMHAF,M,근골격계,H,관절 부종,AF,비정상 맥박수이지만 혈역학적으로 안정,3
CMHAK,M,근골격계,H,관절 부종,AK,전신염증반응증후군(열을 포함한2개의SIRS기준 만족),3
CMHAL,M,근골격계,H,관절 부종,AL,열(아파보임),3
CMHAM,M,근골격계,H,관절 부종,AM,열(건강해 보임),4
CMHBG,M,근골격계,H,관절 부종,BG,급성 통증(8-10),3
CMHBM,M,근골격계,H,관절 부종,BM,출혈성 질환(중등도나 경도의 출혈),3
CMHBH,M,근골격계,H,관절 부종,BH,급성 통증(4-7),4
CMHBJ,M,근골격계,H,관절 부종,BJ,만성 통증(8-10),4
CMHBI,M,근골격계,H,관절 부종,BI,급성 통증(<4),5
CMHBK,M,근골격계,H,관절 부종,BK,만성 통증(<8),5
CMHCA,M,근골격계,H,관절 부종,CA,관절 부종,5
CMIBG,M,근골격계,I,석고붕대 확인,BG,급성 통증(8-10),3
CMIBH,M,근골격계,I,석고붕대 확인,BH,급성 통증(4-7),4
CMIBI,M,근골격계,I,석고붕대 확인,BI,급성 통증(<4),5
CMICC,M,근골격계,I,석고붕대 확인,CC,석고붕대가 꽉 끼어 신경혈관 장애를 동반함,3
CMICB,M,근골격계,I,석고붕대 확인,CB,석고붕대가 꽉 끼어 아프지만 신경혈관 장애는 없음,4
CMICA,M,근골격계,I,석고붕대 확인,CA,석고붕대 체크 또는 석고붕대 교환,5
CNAAA,N,몸통외상,A,몸통을 포함한 다발성 외상-관통상,AA,중증 호흡곤란,1
CNAAD,N,몸통외상,A,몸통을 포함한 다발성 외상-관통상,AD,쇼크,1
CNAAG,N,몸통외상,A,몸통을 포함한 다발성 외상-관통상,AG,"무의식(U, GCS 3-8)",1
CNAAB,N,몸통외상,A,몸통을 포함한 다발성 외상-관통상,AB,중등도 호흡곤란,2
CNAAE,N,몸통외상,A,몸통을 포함한 다발성 외상-관통상,AE,혈역학적 장애,2
CNAAH,N,몸통외상,A,몸통을 포함한 다발성 외상-관통상,AH,"의식변화(V/P, GCS 9-13)",2
CNAAI,N,몸통외상,A,몸통을 포함한 다발성 외상-관통상,AI,"열,면역저하 상태",2
CNAAJ,N,몸통외상,A,몸통을 포함한 다발성 외상-관통상,AJ,패혈증 의증(3개 이상의SIRS기준 만족),2
CNAAC,N,몸통외상,A,몸통을 포함한 다발성 외상-관통상,AC,경증 호흡곤란,3
CNAAF,N,몸통외상,A,몸통을 포함한 다발성 외상-관통상,AF,비정상 맥박수이지만 혈역학적으로 안정,3
CNAAK,N,몸통외상,A,몸통을 포함한 다발성 외상-관통상,AK,전신염증반응증후군(열을 포함한2개의SIRS기준 만족),3
CNAAL,N,몸통외상,A,몸통을 포함한 다발성 외상-관통상,AL,열(아파보임),3
CNAAM,N,몸통외상,A,몸통을 포함한 다발성 외상-관통상,AM,열(건강해 보임),4
CNABA,N,몸통외상,A,몸통을 포함한 다발성 외상-관통상,BA,급성 통증(8-10),2
CNABL,N,몸통외상,A,몸통을 포함한 다발성 외상-관통상,BL,출혈성 질환(생명 혹은 사지를 소실할 정도의 위급한 출혈),2
CNABN,N,몸통외상,A,몸통을 포함한 다발성 외상-관통상,BN,고위험성 사고기전,2
CNABB,N,몸통외상,A,몸통을 포함한 다발성 외상-관통상,BB,급성 통증(<8),3
CNABM,N,몸통외상,A,몸통을 포함한 다발성 외상-관통상,BM,출혈성 질환(중등도나 경도의 출혈),3
CNACD,N,몸통외상,A,몸통을 포함한 다발성 외상-관통상,CD,"신경학적 손상과 동반된 척추 골절,두부의 관통상",1
CNACC,N,몸통외상,A,몸통을 포함한 다발성 외상-관통상,CC,사지의 신경혈관 장애,2
CNACB,N,몸통외상,A,몸통을 포함한 다발성 외상-관통상,CB,"머리,가슴,복부의 관통상",2
CNACA,N,몸통외상,A,몸통을 포함한 다발성 외상-관통상,CA,몸통을 포함한 다발성 손상-관통상(건강해보임),3
CNBAA,N,몸통외상,B,몸통을 포함한 다발성 손상-둔상,AA,중증 호흡곤란,1
CNBAD,N,몸통외상,B,몸통을 포함한 다발성 손상-둔상,AD,쇼크,1
CNBAG,N,몸통외상,B,몸통을 포함한 다발성 손상-둔상,AG,"무의식(U, GCS 3-8)",1
CNBAB,N,몸통외상,B,몸통을 포함한 다발성 손상-둔상,AB,중등도 호흡곤란,2
CNBAE,N,몸통외상,B,몸통을 포함한 다발성 손상-둔상,AE,혈역학적 장애,2
CNBAH,N,몸통외상,B,몸통을 포함한 다발성 손상-둔상,AH,"의식변화(V/P, GCS 9-13)",2
CNBAI,N,몸통외상,B,몸통을 포함한 다발성 손상-둔상,AI,"열,면역저하 상태",2
CNBAJ,N,몸통외상,B,몸통을 포함한 다발성 손상-둔상,AJ,패혈증 의증(3개 이상의SIRS기준 만족),2
CNBAC,N,몸통외상,B,몸통을 포함한 다발성 손상-둔상,AC,경증 호흡곤란,3
CNBAF,N,몸통외상,B,몸통을 포함한 다발성 손상-둔상,AF,비정상 맥박수이지만 혈역학적으로 안정,3
CNBAK,N,몸통외상,B,몸통을 포함한 다발성 손상-둔상,AK,전신염증반응증후군(열을 포함한2개의SIRS기준 만족),3
CNBAL,N,몸통외상,B,몸통을 포함한 다발성 손상-둔상,AL,열(아파보임),3
CNBAM,N,몸통외상,B,몸통을 포함한 다발성 손상-둔상,AM,열(건강해 보임),4
CNBBA,N,몸통외상,B,몸통을 포함한 다발성 손상-둔상,BA,급성 통증(8-10),2
CNBBL,N,몸통외상,B,몸통을 포함한 다발성 손상-둔상,BL,출혈성 질환(생명 혹은 사지를 소실할 정도의 위급한 출혈),2
CNBBN,N,몸통외상,B,몸통을 포함한 다발성 손상-둔상,BN,고위험성 사고기전,2
CNBBB,N,몸통외상,B,몸통을 포함한 다발성 손상-둔상,BB,급성 통증(4-7),3
CNBBM,N,몸통외상,B,몸통을 포함한 다발성 손상-둔상,BM,출혈성 질환(중등도나 경도의 출혈),3
CNBBC,N,몸통외상,B,몸통을 포함한 다발성 손상-둔상,BC,급성 통증(<4),4
CNBCD,N,몸통외상,B,몸통을 포함한 다발성 손상-둔상,CD,신경학적 손상과 동반된 척추 골절,1
CNBCC,N,몸통외상,B,몸통을 포함한 다발성 손상-둔상,CC,사지의 신경혈관 장애,2
CNBCB,N,몸통외상,B,몸통을 포함한 다발성 손상-둔상,CB,장기간의 척추고정,3
CNBCA,N,몸통외상,B,몸통을 포함한 다발성 손상-둔상,CA,몸통을 포함한 다발성 외상-둔상(건강해보임),4
CNCAA,N,몸통외상,C,단독 흉부외상-관통상,AA,중증 호흡곤란,1
CNCAD,N,몸통외상,C,단독 흉부외상-관통상,AD,쇼크,1
CNCAG,N,몸통외상,C,단독 흉부외상-관통상,AG,"무의식(U, GCS 3-8)",1
CNCAB,N,몸통외상,C,단독 흉부외상-관통상,AB,중등도 호흡곤란,2
CNCAE,N,몸통외상,C,단독 흉부외상-관통상,AE,혈역학적 장애,2
CNCAH,N,몸통외상,C,단독 흉부외상-관통상,AH,"의식변화(V/P, GCS 9-13)",2
CNCAI,N,몸통외상,C,단독 흉부외상-관통상,AI,"열,면역저하 상태",2
CNCAJ,N,몸통외상,C,단독 흉부외상-관통상,AJ,패혈증 의증(3개 이상의SIRS기준 만족),2
CNCBA,N,몸통외상,C,단독 흉부외상-관통상,BA,급성 통증(1-10),2
CNCBL,N,몸통외상,C,단독 흉부외상-관통상,BL,출혈성 질환(생명 혹은 사지를 소실할 정도의 위급한 출혈),2
CNCCA,N,몸통외상,C,단독 흉부외상-관통상,CA,단독 흉부외상-관통상(건강해보임),2
CNDAA,N,몸통외상,D,단독 흉부외상-둔상,AA,중증 호흡곤란,1
CNDAD,N,몸통외상,D,단독 흉부외상-둔상,AD,쇼크,1
CNDAG,N,몸통외상,D,단독 흉부외상-둔상,AG,"무의식(U, GCS 3-8)",1
CNDAB,N,몸통외상,D,단독 흉부외상-둔상,AB,중등도 호흡곤란,2
CNDAE,N,몸통외상,D,단독 흉부외상-둔상,AE,혈역학적 장애,2
CNDAH,N,몸통외상,D,단독 흉부외상-둔상,AH,"의식변화(V/P, GCS 9-13)",2
CNDAI,N,몸통외상,D,단독 흉부외상-둔상,AI,"열,면역저하 상태",2
CNDAJ,N,몸통외상,D,단독 흉부외상-둔상,AJ,패혈증 의증(3개 이상의SIRS기준 만족),2
CNDAC,N,몸통외상,D,단독 흉부외상-둔상,AC,경증 호흡곤란,3
CNDAF,N,몸통외상,D,단독 흉부외상-둔상,AF,비정상 맥박수이지만 혈역학적으로 안정,3
CNDAK,N,몸통외상,D,단독 흉부외상-둔상,AK,전신염증반응증후군(열을 포함한2개의SIRS기준 만족),3
CNDAL,N,몸통외상,D,단독 흉부외상-둔상,AL,열(아파보임),3
CNDAM,N,몸통외상,D,단독 흉부외상-둔상,AM,열(건강해 보임),4
CNDBA,N,몸통외상,D,단독 흉부외상-둔상,BA,급성 통증(8-10),2
CNDBL,N,몸통외상,D,단독 흉부외상-둔상,BL,출혈성 질환(생명 혹은 사지를 소실할 정도의 위급한 출혈),2
CNDBN,N,몸통외상,D,단독 흉부외상-둔상,BN,고위험성 사고기전,2
CNDBB,N,몸통외상,D,단독 흉부외상-둔상,BB,급성 통증(4-7),3
CNDBM,N,몸통외상,D,단독 흉부외상-둔상,BM,출혈성 질환(중등도나 경도의 출혈),3
CNDBC,N,몸통외상,D,단독 흉부외상-둔상,BC,급성 통증(<4),4
CNDCA,N,몸통외상,D,단독 흉부외상-둔상,CA,단독 흉부외상-둔상(건강해보임),4
CNEAA,N,몸통외상,E,단독 복부외상-관통상,AA,중증 호흡곤란,1
CNEAD,N,몸통외상,E,단독 복부외상-관통상,AD,쇼크,1
CNEAG,N,몸통외상,E,단독 복부외상-관통상,AG,"무의식(U, GCS 3-8)",1
CNEAB,N,몸통외상,E,단독 복부외상-관통상,AB,중등도 호흡곤란,2
CNEAE,N,몸통외상,E,단독 복부외상-관통상,AE,혈역학적 장애,2
CNEAH,N,몸통외상,E,단독 복부외상-관통상,AH,"의식변화(V/P, GCS 9-13)",2
CNEAI,N,몸통외상,E,단독 복부외상-관통상,AI,"열,면역저하 상태",2
CNEAJ,N,몸통외상,E,단독 복부외상-관통상,AJ,패혈증 의증(3개 이상의SIRS기준 만족),2
CNEBA,N,몸통외상,E,단독 복부외상-관통상,BA,급성 통증(8-10),2
CNEBL,N,몸통외상,E,단독 복부외상-관통상,BL,출혈성 질환(생명 혹은 사지를 소실할 정도의 위급한 출혈),2
CNEBN,N,몸통외상,E,단독 복부외상-관통상,BN,고위험성 사고기전,2
CNECA,N,몸통외상,E,단독 복부외상-관통상,CA,단독 복부외상-관통상(건강해보임),2
CNFAA,N,몸통외상,F,단독 복부외상-둔상,AA,중증 호흡곤란,1
CNFAD,N,몸통외상,F,단독 복부외상-둔상,AD,쇼크,1
CNFAG,N,몸통외상,F,단독 복부외상-둔상,AG,"무의식(U, GCS 3-8)",1
CNFAB,N,몸통외상,F,단독 복부외상-둔상,AB,중등도 호흡곤란,2
CNFAE,N,몸통외상,F,단독 복부외상-둔상,AE,혈역학적 장애,2
CNFAH,N,몸통외상,F,단독 복부외상-둔상,AH,"의식변화(V/P, GCS 9-13)",2
CNFAI,N,몸통외상,F,단독 복부외상-둔상,AI,"열,면역저하 상태",2
CNFAJ,N,몸통외상,F,단독 복부외상-둔상,AJ,패혈증 의증(3개 이상의SIRS기준 만족),2
CNFAC,N,몸통외상,F,단독 복부외상-둔상,AC,경증 호흡곤란,3
CNFAF,N,몸통외상,F,단독 복부외상-둔상,AF,비정상 맥박수이지만 혈역학적으로 안정,3
CNFAK,N,몸통외상,F,단독 복부외상-둔상,AK,전신염증반응증후군(열을 포함한2개의SIRS기준 만족),3
CNFAL,N,몸통외상,F,단독 복부외상-둔상,AL,열(아파보임),3
CNFAM,N,몸통외상,F,단독 복부외상-둔상,AM,열(건강해 보임),4
CNFBA,N,몸통외상,F,단독 복부외상-둔상,BA,급성 통증(8-10),2
CNFBL,N,몸통외상,F,단독 복부외상-둔상,BL,출혈성 질환(생명 혹은 사지를 소실할 정도의 위급한 출혈),2
CNFBN,N,몸통외상,F,단독 복부외상-둔상,BN,고위험성 사고기전,2
CNFBB,N,몸통외상,F,단독 복부외상-둔상,BB,급성 통증(4-7),3
CNFBM,N,몸통외상,F,단독 복부외상-둔상,BM,출혈성 질환(중등도나 경도의 출혈),3
CNFBC,N,몸통외상,F,단독 복부외상-둔상,BC,급성 통증(<4),4
CNFCA,N,몸통외상,F,단독 복부외상-둔상,CA,단독복부외상-둔상(건강해 보임),4
COABG,O,환경손상,A,동상/한랭손상,BG,급성 통증(8-10),3
COABH,O,환경손상,A,동상/한랭손상,BH,급성 통증(4-7),4
COABJ,O,환경손상,A,동상/한랭손상,BJ,만성 통증(8-10),4
COABI,O,환경손상,A,동상/한랭손상,BI,급성 통증(<4),5
COABK,O,환경손상,A,동상/한랭손상,BK,만성 통증(<8),5
COACC,O,환경손상,A,동상/한랭손상,CC,사지 말단 부위에 맥박이 없고 차가움,2
COACB,O,환경손상,A,동상/한랭손상,CB,피부가 창백함,3
COACA,O,환경손상,A,동상/한랭손상,CA,동상/한랭손상,5
COBAA,O,환경손상,B,온열손상,AA,중증 호흡곤란,1
COBAD,O,환경손상,B,온열손상,AD,쇼크,1
COBAG,O,환경손상,B,온열손상,AG,"무의식(U, GCS 3-8)",1
COBAB,O,환경손상,B,온열손상,AB,중등도 호흡곤란,2
COBAE,O,환경손상,B,온열손상,AE,혈역학적 장애,2
COBAH,O,환경손상,B,온열손상,AH,"의식변화(V/P, GCS 9-13)",2
COBAI,O,환경손상,B,온열손상,AI,"열,면역저하 상태",2
COBAJ,O,환경손상,B,온열손상,AJ,패혈증 의증(3개 이상의SIRS기준 만족),2
COBAC,O,환경손상,B,온열손상,AC,경증 호흡곤란,3
COBAF,O,환경손상,B,온열손상,AF,비정상 맥박수이지만 혈역학적으로 안정,3
COBAK,O,환경손상,B,온열손상,AK,전신염증반응증후군(열을 포함한2개의SIRS기준 만족),3
COBAL,O,환경손상,B,온열손상,AL,열만 있음,3
COBBG,O,환경손상,B,온열손상,BG,급성 통증(8-10),3
COBBH,O,환경손상,B,온열손상,BH,급성 통증(4-7),4
COBBI,O,환경손상,B,온열손상,BI,급성 통증(<4),5
COBCH,O,환경손상,B,온열손상,CH,중심체온>41℃,1
COBCG,O,환경손상,B,온열손상,CG,중증 탈수,1
COBCF,O,환경손상,B,온열손상,CF,중심체온39-41℃,2
COBCE,O,환경손상,B,온열손상,CE,중등도 탈수,2
COBCD,O,환경손상,B,온열손상,CD,지속되는 열경련(heat cramps),3
COBCC,O,환경손상,B,온열손상,CC,경증 탈수,3
COBCB,O,환경손상,B,온열손상,CB,정상활력징후,4
COBCA,O,환경손상,B,온열손상,CA,"열경련이 회복된 상태,탈수에서 호전",4
COCAA,O,환경손상,C,유해물질흡입,AA,중증 호흡곤란,1
COCAD,O,환경손상,C,유해물질흡입,AD,쇼크,1
COCAG,O,환경손상,C,유해물질흡입,AG,"무의식(U, GCS 3-8)",1
COCAB,O,환경손상,C,유해물질흡입,AB,중등도 호흡곤란,2
COCAE,O,환경손상,C,유해물질흡입,AE,혈역학적 장애,2
COCAH,O,환경손상,C,유해물질흡입,AH,"의식변화(V/P, GCS 9-13)",2
COCAC,O,환경손상,C,유해물질흡입,AC,경증 호흡곤란,3
COCAF,O,환경손상,C,유해물질흡입,AF,비정상 맥박수이지만 혈역학적으로 안정,3
COCCB,O,환경손상,C,유해물질흡입,CB,"연기나 기타 물질 흡입,호흡곤란 없음",3
COCCA,O,환경손상,C,유해물질흡입,CA,"유해물질을 흡입한 후 상당한 시간이 지남,무증상",4
CODAA,O,환경손상,D,전기손상,AA,중증 호흡곤란,1
CODAD,O,환경손상,D,전기손상,AD,쇼크,1
CODAG,O,환경손상,D,전기손상,AG,"무의식(U, GCS 3-8)",1
CODAB,O,환경손상,D,전기손상,AB,중등도 호흡곤란,2
CODAE,O,환경손상,D,전기손상,AE,혈역학적 장애,2
CODAH,O,환경손상,D,전기손상,AH,"의식변화(V/P, GCS 9-13)",2
CODAC,O,환경손상,D,전기손상,AC,경증 호흡곤란,3
CODAF,O,환경손상,D,전기손상,AF,비정상 맥박수이지만 혈역학적으로 안정,3
CODBG,O,환경손상,D,전기손상,BG,급성 통증(1-10),3
CODCB,O,환경손상,D,전기손상,CB,명백한 피부손상,2
CODCA,O,환경손상,D,전기손상,CA,명백한 피부손상 없음,3
COEAA,O,환경손상,E,화학물질 노출,AA,중증 호흡곤란,1
COEAD,O,환경손상,E,화학물질 노출,AD,쇼크,1
COEAG,O,환경손상,E,화학물질 노출,AG,"무의식(U, GCS 3-8)",1
COEAB,O,환경손상,E,화학물질 노출,AB,중등도 호흡곤란,2
COEAE,O,환경손상,E,화학물질 노출,AE,혈역학적 장애,2
COEAH,O,환경손상,E,화학물질 노출,AH,"의식변화(V/P, GCS 9-13)",2
COEBA,O,환경손상,E,화학물질 노출,BA,"급성 중심성 통증(1-10,눈,호흡기 등)",3
COEBG,O,환경손상,E,화학물질 노출,BG,"급성 말초성 통증(1-10,피부만 노출)",4
COECC,O,환경손상,E,화학물질 노출,CC,체표면적25%이상의 중증 화상,1
COECB,O,환경손상,E,화학물질 노출,CB,"손,발,샅고랑 부위(Groin),얼굴의 중증 화상",2
COECA,O,환경손상,E,화학물질 노출,CA,눈에 이물질이 튄 후 증상 있음,2
COFAA,O,환경손상,F,저체온증,AA,중증 호흡곤란,1
COFAD,O,환경손상,F,저체온증,AD,쇼크,1
COFAG,O,환경손상,F,저체온증,AG,"무의식(U, GCS 3-8)",1
COFAB,O,환경손상,F,저체온증,AB,중등도 호흡곤란,2
COFAE,O,환경손상,F,저체온증,AE,혈역학적 장애,2
COFAH,O,환경손상,F,저체온증,AH,"의식변화(V/P, GCS 9-13)",2
COFAI,O,환경손상,F,저체온증,AI,"열,면역저하 상태",2
COFAJ,O,환경손상,F,저체온증,AJ,패혈증 의증(3개 이상의SIRS기준 만족),2
COFAC,O,환경손상,F,저체온증,AC,경증 호흡곤란,3
COFAF,O,환경손상,F,저체온증,AF,비정상 맥박수이지만 혈역학적으로 안정,3
COFAK,O,환경손상,F,저체온증,AK,전신염증반응증후군(열을 포함한2개의SIRS기준 만족),3
COFAL,O,환경손상,F,저체온증,AL,열만 있음,3
COFCC,O,환경손상,F,저체온증,CC,"저체온증,중심체온<32℃",2
COFCB,O,환경손상,F,저체온증,CB,중심체온32-35℃,3
COFCA,O,환경손상,F,저체온증,CA,"동상없음,정상 혈압/맥박",4
COGAA,O,환경손상,G,익수,AA,중증 호흡곤란,1
COGAD,O,환경손상,G,익수,AD,쇼크,1
COGAG,O,환경손상,G,익수,AG,"무의식(U, GCS 3-8)",1
COGAB,O,환경손상,G,익수,AB,중등도 호흡곤란,2
COGAE,O,환경손상,G,익수,AE,혈역학적 장애,2
COGAH,O,환경손상,G,익수,AH,"의식변화(V/P, GCS 9-13)",2
COGAI,O,환경손상,G,익수,AI,"열,면역저하 상태",2
COGAJ,O,환경손상,G,익수,AJ,패혈증 의증(3개 이상의SIRS기준 만족),2
COGAC,O,환경손상,G,익수,AC,경증 호흡곤란,3
COGAF,O,환경손상,G,익수,AF,비정상 맥박수이지만 혈역학적으로 안정,3
COGAK,O,환경손상,G,익수,AK,전신염증반응증후군(열을 포함한2개의SIRS기준 만족),3
COGAL,O,환경손상,G,익수,AL,열만 있음,3
COGCB,O,환경손상,G,익수,CB,"저체온증,중심체온<32℃",2
COGCA,O,환경손상,G,익수,CA,중심체온32-35℃,3
CPAAA,P,피부,A,물림(Bite),AA,중증 호흡곤란,1
CPAAD,P,피부,A,물림(Bite),AD,쇼크,1
CPAAG,P,피부,A,물림(Bite),AG,"무의식(U, GCS 3-8)",1
CPAAB,P,피부,A,물림(Bite),AB,중등도 호흡곤란,2
CPAAE,P,피부,A,물림(Bite),AE,혈역학적 장애,2
CPAAH,P,피부,A,물림(Bite),AH,"의식변화(V/P, GCS 9-13)",2
CPAAI,P,피부,A,물림(Bite),AI,"열,면역저하 상태",2
CPAAJ,P,피부,A,물림(Bite),AJ,패혈증 의증(3개 이상의SIRS기준 만족),2
CPAAC,P,피부,A,물림(Bite),AC,경증 호흡곤란,3
CPAAF,P,피부,A,물림(Bite),AF,비정상 맥박수이지만 혈역학적으로 안정,3
CPAAK,P,피부,A,물림(Bite),AK,전신염증반응증후군(열을 포함한2개의SIRS기준 만족),3
CPAAL,P,피부,A,물림(Bite),AL,열(아파보임),3
CPAAM,P,피부,A,물림(Bite),AM,열(건강해 보임),4
CPABG,P,피부,A,물림(Bite),BG,급성 통증(8-10),3
CPABH,P,피부,A,물림(Bite),BH,급성 통증(4-7),4
CPABI,P,피부,A,물림(Bite),BI,급성 통증(<4),5
CPACB,P,피부,A,물림(Bite),CB,중증 알레르기반응의 기왕력,2
CPACA,P,피부,A,물림(Bite),CA,경증물림,5
CPBAA,P,피부,B,쏘임(Sting),AA,중증 호흡곤란,1
CPBAD,P,피부,B,쏘임(Sting),AD,쇼크,1
CPBAG,P,피부,B,쏘임(Sting),AG,"무의식(U, GCS 3-8)",1
CPBAB,P,피부,B,쏘임(Sting),AB,중등도 호흡곤란,2
CPBAE,P,피부,B,쏘임(Sting),AE,혈역학적 장애,2
CPBAH,P,피부,B,쏘임(Sting),AH,"의식변화(V/P, GCS 9-13)",2
CPBAI,P,피부,B,쏘임(Sting),AI,"열,면역저하 상태",2
CPBAJ,P,피부,B,쏘임(Sting),AJ,패혈증 의증(3개 이상의SIRS기준 만족),2
CPBAC,P,피부,B,쏘임(Sting),AC,경증 호흡곤란,3
CPBAF,P,피부,B,쏘임(Sting),AF,비정상 맥박수이지만 혈역학적으로 안정,3
CPBAK,P,피부,B,쏘임(Sting),AK,전신염증반응증후군(열을 포함한2개의SIRS기준 만족),3
CPBAL,P,피부,B,쏘임(Sting),AL,열(아파보임),3
CPBAM,P,피부,B,쏘임(Sting),AM,열(건강해 보임),4
CPBBG,P,피부,B,쏘임(Sting),BG,급성 통증(8-10),3
CPBBH,P,피부,B,쏘임(Sting),BH,급성 통증(4-7),4
CPBBI,P,피부,B,쏘임(Sting),BI,급성 통증(<4),5
CPBCB,P,피부,B,쏘임(Sting),CB,중증 알레르기반응의 기왕력,2
CPBCA,P,피부,B,쏘임(Sting),CA,쏘임,5
CPCBG,P,피부,C,찰과상,BG,급성 통증(8-10),3
CPCBH,P,피부,C,찰과상,BH,급성 통증(4-7),4
CPCBI,P,피부,C,찰과상,BI,급성 통증(<4),5
CPCCB,P,피부,C,찰과상,CB,출혈이 동반된 찰과상,4
CPCCA,P,피부,C,찰과상,CA,경증 찰과상,5
CPDAA,P,피부,D,열상/천공,AA,중증 호흡곤란,1
CPDAD,P,피부,D,열상/천공,AD,쇼크,1
CPDAG,P,피부,D,열상/천공,AG,"무의식(U, GCS 3-8)",1
CPDAB,P,피부,D,열상/천공,AB,중등도 호흡곤란,2
CPDAE,P,피부,D,열상/천공,AE,혈역학적 장애,2
CPDAH,P,피부,D,열상/천공,AH,"의식변화(V/P, GCS 9-13)",2
CPDAI,P,피부,D,열상/천공,AI,"열,면역저하 상태",2
CPDAJ,P,피부,D,열상/천공,AJ,패혈증 의증(3개 이상의SIRS기준 만족),2
CPDAC,P,피부,D,열상/천공,AC,경증 호흡곤란,3
CPDAF,P,피부,D,열상/천공,AF,비정상 맥박수이지만 혈역학적으로 안정,3
CPDAK,P,피부,D,열상/천공,AK,전신염증반응증후군(열을 포함한2개의SIRS기준 만족),3
CPDAL,P,피부,D,열상/천공,AL,열(아파보임),3
CPDAM,P,피부,D,열상/천공,AM,열(건강해 보임),4
CPDBL,P,피부,D,열상/천공,BL,출혈성 질환(생명 혹은 사지를 소실할 정도의 위급한 출혈),2
CPDBG,P,피부,D,열상/천공,BG,급성 통증(8-10),3
CPDBM,P,피부,D,열상/천공,BM,출혈성 질환(중등도나 경도의 출혈),3
CPDBH,P,피부,D,열상/천공,BH,급성 통증(4-7),4
CPDBI,P,피부,D,열상/천공,BI,급성 통증(<4),5
CPDCE,P,피부,D,열상/천공,CE,신경혈관 장애를 동반한 복합창상,2
CPDCD,P,피부,D,열상/천공,CD,지속되고 있는 출혈,3
CPDCC,P,피부,D,열상/천공,CC,지혈되었거나 조절되고 있는 출혈,4
CPDCB,P,피부,D,열상/천공,CB,봉합 필요,4
CPDCA,P,피부,D,열상/천공,CA,봉합 필요 없음,5
CPEAA,P,피부,E,화상,AA,중증 호흡곤란,1
CPEAD,P,피부,E,화상,AD,쇼크,1
CPEAG,P,피부,E,화상,AG,"무의식(U, GCS 3-8)",1
CPEAB,P,피부,E,화상,AB,중등도 호흡곤란,2
CPEAE,P,피부,E,화상,AE,혈역학적 장애,2
CPEAH,P,피부,E,화상,AH,"의식변화(V/P, GCS 9-13)",2
CPEAI,P,피부,E,화상,AI,"열,면역저하 상태",2
CPEAJ,P,피부,E,화상,AJ,패혈증 의증(3개 이상의SIRS기준 만족),2
CPEAC,P,피부,E,화상,AC,경증 호흡곤란,3
CPEAF,P,피부,E,화상,AF,비정상 맥박수이지만 혈역학적으로 안정,3
CPEAK,P,피부,E,화상,AK,전신염증반응증후군(열을 포함한2개의SIRS기준 만족),3
CPEAL,P,피부,E,화상,AL,열(아파보임),3
CPEAM,P,피부,E,화상,AM,열(건강해 보임),4
CPEBG,P,피부,E,화상,BG,급성 통증(8-10),3
CPEBH,P,피부,E,화상,BH,급성 통증(4-7),4
CPEBI,P,피부,E,화상,BI,급성 통증(<4),5
CPECE,P,피부,E,화상,CE,체표면적25%이상의 화상,2
CPECD,P,피부,E,화상,CD,"손,발,얼굴,회음부 부위의2도 이상의 화상",2
CPECC,P,피부,E,화상,CC,체표면적의5-25%화상,3
CPECB,P,피부,E,화상,CB,"체표면적의<5%인3도 이상의 화상,혹은<10%의2도 화상",4
CPECA,P,피부,E,화상,CA,"화상,경증통증",5
CPFCB,P,피부,F,혈액이나 체액에 노출,CB,"고위험 노출:주사침에 찔렸으나 감염원을 알 수 없는 경우,주사침의 감염원이 에이즈 혹은 간염 바이러스 보균자이거나 가능성 있는 경우(알고 있는 저위험 감염원이 아니면 고위험으로 간주)",3
CPFCA,P,피부,F,혈액이나 체액에 노출,CA,저위험 노출:저위험 감염원의 주사침에 찔린 경우 또는 저위험 감염원에서 체액이 튄 경우,4
CPGAC,P,피부,G,피부의 이물질,AC,경증 호흡곤란,3
CPGAF,P,피부,G,피부의 이물질,AF,비정상 맥박수이지만 혈역학적으로 안정,3
CPGAK,P,피부,G,피부의 이물질,AK,전신염증반응증후군(열을 포함한2개의SIRS기준 만족),3
CPGAL,P,피부,G,피부의 이물질,AL,열(아파보임),3
CPGAM,P,피부,G,피부의 이물질,AM,열(건강해 보임),4
CPGBG,P,피부,G,피부의 이물질,BG,급성 통증(8-10),3
CPGBH,P,피부,G,피부의 이물질,BH,급성 통증(4-7),4
CPGBI,P,피부,G,피부의 이물질,BI,급성 통증(<4),5
CPGCA,P,피부,G,피부의 이물질,CA,피부의 이물질,5
CPHAC,P,피부,H,상처확인,AC,경증 호흡곤란,3
CPHAF,P,피부,H,상처확인,AF,비정상 맥박수이지만 혈역학적으로 안정,3
CPHAK,P,피부,H,상처확인,AK,전신염증반응증후군(열을 포함한2개의SIRS기준 만족),3
CPHAL,P,피부,H,상처확인,AL,열(아파보임),3
CPHAM,P,피부,H,상처확인,AM,열(건강해 보임),4
CPHBG,P,피부,H,상처확인,BG,급성 통증(8-10),3
CPHBH,P,피부,H,상처확인,BH,급성 통증(4-7),4
CPHBI,P,피부,H,상처확인,BI,급성 통증(<4),5
CPHCA,P,피부,H,상처확인,CA,상처확인,5
CPIAC,P,피부,I,스테이플/봉합사제거,AC,경증 호흡곤란,3
CPIAF,P,피부,I,스테이플/봉합사제거,AF,비정상 맥박수이지만 혈역학적으로 안정,3
CPIAK,P,피부,I,스테이플/봉합사제거,AK,전신염증반응증후군(열을 포함한2개의SIRS기준 만족),3
CPIAL,P,피부,I,스테이플/봉합사제거,AL,열(아파보임),3
CPIAM,P,피부,I,스테이플/봉합사제거,AM,열(건강해 보임),4
CPIBG,P,피부,I,스테이플/봉합사제거,BG,급성 통증(8-10),3
CPIBH,P,피부,I,스테이플/봉합사제거,BH,급성 통증(4-7),4
CPIBI,P,피부,I,스테이플/봉합사제거,BI,급성 통증(<4),5
CPICA,P,피부,I,스테이플/봉합사제거,CA,스테이플/봉합사제거,5
CPJAB,P,피부,J,발진,AB,중등도 호흡곤란,2
CPJAE,P,피부,J,발진,AE,혈역학적 장애,2
CPJAH,P,피부,J,발진,AH,"의식변화(V/P, GCS 9-13)",2
CPJAI,P,피부,J,발진,AI,"열,면역저하 상태",2
CPJAJ,P,피부,J,발진,AJ,패혈증 의증(3개 이상의SIRS기준 만족),2
CPJAC,P,피부,J,발진,AC,경증 호흡곤란,3
CPJAF,P,피부,J,발진,AF,비정상 맥박수이지만 혈역학적으로 안정,3
CPJAK,P,피부,J,발진,AK,전신염증반응증후군(열을 포함한2개의SIRS기준 만족),3
CPJAL,P,피부,J,발진,AL,열(아파보임),3
CPJAM,P,피부,J,발진,AM,열(건강해 보임),4
CPJBG,P,피부,J,발진,BG,급성 통증(8-10),3
CPJBH,P,피부,J,발진,BH,급성 통증(4-7),4
CPJBI,P,피부,J,발진,BI,급성 통증(<4),5
CPJCF,P,피부,J,발진,CF,"얼굴 연조직염,안와주위부 포함",2
CPJCE,P,피부,J,발진,CE,"자반성 또는 점발진,아파보임",2
CPJCD,P,피부,J,발진,CD,혈관부종(angioedma),3
CPJCC,P,피부,J,발진,CC,두드러기(urticaria),4
CPJCB,P,피부,J,발진,CB,국소성 연조직염,4
CPJCA,P,피부,J,발진,CA,국소성 발진,5
CPKAB,P,피부,K,유방의 발적/압통,AB,중등도 호흡곤란,2
CPKAE,P,피부,K,유방의 발적/압통,AE,혈역학적 장애,2
CPKAH,P,피부,K,유방의 발적/압통,AH,"의식변화(V/P, GCS 9-13)",2
CPKAI,P,피부,K,유방의 발적/압통,AI,"열,면역저하 상태",2
CPKAJ,P,피부,K,유방의 발적/압통,AJ,패혈증 의증(3개 이상의SIRS기준 만족),2
CPKAC,P,피부,K,유방의 발적/압통,AC,경증 호흡곤란,3
CPKAF,P,피부,K,유방의 발적/압통,AF,비정상 맥박수이지만 혈역학적으로 안정,3
CPKAK,P,피부,K,유방의 발적/압통,AK,전신염증반응증후군(열을 포함한2개의SIRS기준 만족),3
CPKAL,P,피부,K,유방의 발적/압통,AL,열(아파보임),3
CPKAM,P,피부,K,유방의 발적/압통,AM,열(건강해 보임),4
CPKBG,P,피부,K,유방의 발적/압통,BG,급성 통증(8-10),3
CPKBH,P,피부,K,유방의 발적/압통,BH,급성 통증(4-7),4
CPKBI,P,피부,K,유방의 발적/압통,BI,급성 통증(<4),5
CPLAA,P,피부,L,국소성 부종/발적,AA,중증 호흡곤란,1
CPLAD,P,피부,L,국소성 부종/발적,AD,쇼크,1
CPLAG,P,피부,L,국소성 부종/발적,AG,"무의식(U, GCS 3-8)",1
CPLAB,P,피부,L,국소성 부종/발적,AB,중등도 호흡곤란,2
CPLAE,P,피부,L,국소성 부종/발적,AE,혈역학적 장애,2
CPLAH,P,피부,L,국소성 부종/발적,AH,"의식변화(V/P, GCS 9-13)",2
CPLAI,P,피부,L,국소성 부종/발적,AI,"열,면역저하 상태",2
CPLAJ,P,피부,L,국소성 부종/발적,AJ,패혈증 의증(3개 이상의SIRS기준 만족),2
CPLAC,P,피부,L,국소성 부종/발적,AC,경증 호흡곤란,3
CPLAF,P,피부,L,국소성 부종/발적,AF,비정상 맥박수이지만 혈역학적으로 안정,3
CPLAK,P,피부,L,국소성 부종/발적,AK,전신염증반응증후군(열을 포함한2개의SIRS기준 만족),3
CPLAL,P,피부,L,국소성 부종/발적,AL,열(아파보임),3
CPLAM,P,피부,L,국소성 부종/발적,AM,열(건강해 보임),4
CPLBG,P,피부,L,국소성 부종/발적,BG,급성 통증(8-10),3
CPLBH,P,피부,L,국소성 부종/발적,BH,급성 통증(4-7),4
CPLBI,P,피부,L,국소성 부종/발적,BI,급성 통증(<4),5
CPLCD,P,피부,L,국소성 부종/발적,CD,"얼굴 연조직염,특히 안와주위",2
CPLCC,P,피부,L,국소성 부종/발적,CC,"자반성 또는 점발진,아파보임",2
CPLCB,P,피부,L,국소성 부종/발적,CB,국소성 연조직염,4
CPLCA,P,피부,L,국소성 부종/발적,CA,국소성 발진,5
CPMAB,P,피부,M,"혹,돌기,굳은살",AB,중등도 호흡곤란,2
CPMAE,P,피부,M,"혹,돌기,굳은살",AE,혈역학적 장애,2
CPMAH,P,피부,M,"혹,돌기,굳은살",AH,"의식변화(V/P, GCS 9-13)",2
CPMAI,P,피부,M,"혹,돌기,굳은살",AI,"열,면역저하 상태",2
CPMAJ,P,피부,M,"혹,돌기,굳은살",AJ,패혈증 의증(3개 이상의SIRS기준 만족),2
CPMAC,P,피부,M,"혹,돌기,굳은살",AC,경증 호흡곤란,3
CPMAF,P,피부,M,"혹,돌기,굳은살",AF,비정상 맥박수이지만 혈역학적으로 안정,3
CPMAK,P,피부,M,"혹,돌기,굳은살",AK,전신염증반응증후군(열을 포함한2개의SIRS기준 만족),3
CPMAL,P,피부,M,"혹,돌기,굳은살",AL,열(아파보임),3
CPMAM,P,피부,M,"혹,돌기,굳은살",AM,열(건강해 보임),4
CPMBG,P,피부,M,"혹,돌기,굳은살",BG,급성 통증(8-10),3
CPMBH,P,피부,M,"혹,돌기,굳은살",BH,급성 통증(4-7),4
CPMBI,P,피부,M,"혹,돌기,굳은살",BI,급성 통증(<4),5
CPMCA,P,피부,M,"혹,돌기,굳은살",CA,"혹,돌기,굳은살",5
CPNBG,P,피부,N,감염 가능성 확인,BG,급성 통증(8-10),3
CPNBH,P,피부,N,감염 가능성 확인,BH,급성 통증(4-7),4
CPNBI,P,피부,N,감염 가능성 확인,BI,급성 통증(<4),5
CPNCA,P,피부,N,감염 가능성 확인,CA,감염 가능성 확인,5
CPOAA,P,피부,O,청색증,AA,중증 호흡곤란,1
CPOAD,P,피부,O,청색증,AD,쇼크,1
CPOAG,P,피부,O,청색증,AG,"무의식(U, GCS 3-8)",1
CPOAB,P,피부,O,청색증,AB,중등도 호흡곤란,2
CPOAE,P,피부,O,청색증,AE,혈역학적 장애,2
CPOAH,P,피부,O,청색증,AH,"의식변화(V/P, GCS 9-13)",2
CPOAI,P,피부,O,청색증,AI,"열,면역저하 상태",2
CPOAJ,P,피부,O,청색증,AJ,패혈증 의증(3개 이상의SIRS기준 만족),2
CPOAC,P,피부,O,청색증,AC,경증 호흡곤란,3
CPOAF,P,피부,O,청색증,AF,비정상 맥박수이지만 혈역학적으로 안정,3
CPOAK,P,피부,O,청색증,AK,전신염증반응증후군(열을 포함한2개의SIRS기준 만족),3
CPOAL,P,피부,O,청색증,AL,열만 있음,3
CPOCA,P,피부,O,청색증,CA,청색증,3
CPPAA,P,피부,P,외상없이 저절로 멍듦,AA,중증 호흡곤란,1
CPPAD,P,피부,P,외상없이 저절로 멍듦,AD,쇼크,1
CPPAG,P,피부,P,외상없이 저절로 멍듦,AG,"무의식(U, GCS 3-8)",1
CPPAB,P,피부,P,외상없이 저절로 멍듦,AB,중등도 호흡곤란,2
CPPAE,P,피부,P,외상없이 저절로 멍듦,AE,혈역학적 장애,2
CPPAH,P,피부,P,외상없이 저절로 멍듦,AH,"의식변화(V/P, GCS 9-13)",2
CPPAI,P,피부,P,외상없이 저절로 멍듦,AI,"열,면역저하 상태",2
CPPAJ,P,피부,P,외상없이 저절로 멍듦,AJ,패혈증 의증(3개 이상의SIRS기준 만족),2
CPPAC,P,피부,P,외상없이 저절로 멍듦,AC,경증 호흡곤란,3
CPPAF,P,피부,P,외상없이 저절로 멍듦,AF,비정상 맥박수이지만 혈역학적으로 안정,3
CPPAK,P,피부,P,외상없이 저절로 멍듦,AK,전신염증반응증후군(열을 포함한2개의SIRS기준 만족),3
CPPAL,P,피부,P,외상없이 저절로 멍듦,AL,열(아파보임),3
CPPAM,P,피부,P,외상없이 저절로 멍듦,AM,열(건강해 보임),4
CPPBL,P,피부,P,외상없이 저절로 멍듦,BL,출혈성 질환(생명 혹은 사지를 소실할 정도의 위급한 출혈),2
CPPBM,P,피부,P,외상없이 저절로 멍듦,BM,출혈성 질환(중등도나 경도의 출혈),3
CPPCA,P,피부,P,외상없이 저절로 멍듦,CA,외상없이 저절로 멍듦,3
CPQBG,P,피부,Q,소양증,BG,급성 통증(8-10),3
CPQBH,P,피부,Q,소양증,BH,급성 통증(4-7),4
CPQBI,P,피부,Q,소양증,BI,급성 통증(<4),5
CPQCA,P,피부,Q,소양증,CA,소양증,5
CPRAC,P,피부,R,기타피부상태,AC,경증 호흡곤란,3
CPRAF,P,피부,R,기타피부상태,AF,비정상 맥박수이지만 혈역학적으로 안정,3
CPRAK,P,피부,R,기타피부상태,AK,전신염증반응증후군(열을 포함한2개의SIRS기준 만족),3
CPRAL,P,피부,R,기타피부상태,AL,열(아파보임),3
CPRAM,P,피부,R,기타피부상태,AM,열(건강해 보임),4
CPRBG,P,피부,R,기타피부상태,BG,급성 통증(8-10),3
CPRBH,P,피부,R,기타피부상태,BH,급성 통증(4-7),4
CPRBI,P,피부,R,기타피부상태,BI,급성 통증(<4),5
CPRCA,P,피부,R,기타피부상태,CA,기타피부상태,5
CQACA,Q,일반,A,감염성 질환에 노출,CA,감염성 질환에 노출,5
CQBAA,Q,일반,B,열,AA,중증 호흡곤란,1
CQBAD,Q,일반,B,열,AD,쇼크,1
CQBAG,Q,일반,B,열,AG,"무의식(U, GCS 3-8)",1
CQBAB,Q,일반,B,열,AB,중등도 호흡곤란,2
CQBAE,Q,일반,B,열,AE,혈역학적 장애,2
CQBAH,Q,일반,B,열,AH,"의식변화(V/P, GCS 9-13)",2
CQBAI,Q,일반,B,열,AI,"열,면역저하 상태",2
CQBAJ,Q,일반,B,열,AJ,패혈증 의증(3개 이상의SIRS기준 만족),2
CQBAC,Q,일반,B,열,AC,경증 호흡곤란,3
CQBAF,Q,일반,B,열,AF,비정상 맥박수이지만 혈역학적으로 안정,3
CQBAK,Q,일반,B,열,AK,전신염증반응증후군(열을 포함한2개의SIRS기준 만족),3
CQBAL,Q,일반,B,열,AL,열(아파보임),3
CQBAM,Q,일반,B,열,AM,열(건강해 보임),4
CQBCB,Q,일반,B,열,CB,점 발진,2
CQCAA,Q,일반,C,고혈당,AA,중증 호흡곤란,1
CQCAD,Q,일반,C,고혈당,AD,쇼크,1
CQCAG,Q,일반,C,고혈당,AG,"무의식(U, GCS 3-8)",1
CQCAB,Q,일반,C,고혈당,AB,중등도 호흡곤란,2
CQCAE,Q,일반,C,고혈당,AE,혈역학적 장애,2
CQCAH,Q,일반,C,고혈당,AH,"의식변화(V/P, GCS 9-13)",2
CQCAI,Q,일반,C,고혈당,AI,"열,면역저하 상태",2
CQCAJ,Q,일반,C,고혈당,AJ,패혈증 의증(3개 이상의SIRS기준 만족),2
CQCAC,Q,일반,C,고혈당,AC,경증 호흡곤란,3
CQCAF,Q,일반,C,고혈당,AF,비정상 맥박수이지만 혈역학적으로 안정,3
CQCAK,Q,일반,C,고혈당,AK,전신염증반응증후군(열을 포함한2개의SIRS기준 만족),3
CQCAL,Q,일반,C,고혈당,AL,열(아파보임),3
CQCCB,Q,일반,C,고혈당,CB,"혈당>324mg/dl,증상 있음",2
CQCCA,Q,일반,C,고혈당,CA,"혈당>324mg/dl,무증상",3
CQDAA,Q,일반,D,저혈당,AA,중증 호흡곤란,1
CQDAD,Q,일반,D,저혈당,AD,쇼크,1
CQDAG,Q,일반,D,저혈당,AG,"무의식(U, GCS 3-8)",1
CQDAB,Q,일반,D,저혈당,AB,중등도 호흡곤란,2
CQDAE,Q,일반,D,저혈당,AE,혈역학적 장애,2
CQDAH,Q,일반,D,저혈당,AH,"의식변화(V/P, GCS 9-13)",2
CQDAI,Q,일반,D,저혈당,AI,"열,면역저하 상태",2
CQDAJ,Q,일반,D,저혈당,AJ,패혈증 의증(3개 이상의SIRS기준 만족),2
CQDAC,Q,일반,D,저혈당,AC,경증 호흡곤란,3
CQDAF,Q,일반,D,저혈당,AF,비정상 맥박수이지만 혈역학적으로 안정,3
CQDAK,Q,일반,D,저혈당,AK,전신염증반응증후군(열을 포함한2개의SIRS기준 만족),3
CQDAL,Q,일반,D,저혈당,AL,열(아파보임),3
CQDCC,Q,일반,D,저혈당,CC,혈당<54mg/dl,2
CQDCB,Q,일반,D,저혈당,CB,"혈당54-70mg/dl면서 저혈당 증상 동반(의식혼미,식은땀,행동변화,발작 등)",2
CQDCA,Q,일반,D,저혈당,CA,혈당54-70mg/dl면서 무증상,3
CQEAA,Q,일반,E,전문진료를 위해서 의뢰된 환자,AA,중증 호흡곤란,1
CQEAD,Q,일반,E,전문진료를 위해서 의뢰된 환자,AD,쇼크,1
CQEAG,Q,일반,E,전문진료를 위해서 의뢰된 환자,AG,"무의식(U, GCS 3-8)",1
CQEAB,Q,일반,E,전문진료를 위해서 의뢰된 환자,AB,중등도 호흡곤란,2
CQEAE,Q,일반,E,전문진료를 위해서 의뢰된 환자,AE,혈역학적 장애,2
CQEAH,Q,일반,E,전문진료를 위해서 의뢰된 환자,AH,"의식변화(V/P, GCS 9-13)",2
CQEAI,Q,일반,E,전문진료를 위해서 의뢰된 환자,AI,"열,면역저하 상태",2
CQEAJ,Q,일반,E,전문진료를 위해서 의뢰된 환자,AJ,패혈증 의증(3개 이상의SIRS기준 만족),2
CQEAC,Q,일반,E,전문진료를 위해서 의뢰된 환자,AC,경증 호흡곤란,3
CQEAF,Q,일반,E,전문진료를 위해서 의뢰된 환자,AF,비정상 맥박수이지만 혈역학적으로 안정,3
CQEAK,Q,일반,E,전문진료를 위해서 의뢰된 환자,AK,전신염증반응증후군(열을 포함한2개의SIRS기준 만족),3
CQEAL,Q,일반,E,전문진료를 위해서 의뢰된 환자,AL,열(아파보임),3
CQEAM,Q,일반,E,전문진료를 위해서 의뢰된 환자,AM,열(건강해 보임),4
CQEBA,Q,일반,E,전문진료를 위해서 의뢰된 환자,BA,급성 통증(8-10),2
CQEBB,Q,일반,E,전문진료를 위해서 의뢰된 환자,BB,급성 통증(4-7),3
CQEBD,Q,일반,E,전문진료를 위해서 의뢰된 환자,BD,만성 통증(8-10),3
CQEBC,Q,일반,E,전문진료를 위해서 의뢰된 환자,BC,급성 통증(<4),4
CQEBE,Q,일반,E,전문진료를 위해서 의뢰된 환자,BE,만성 통증(4-7),4
CQEBF,Q,일반,E,전문진료를 위해서 의뢰된 환자,BF,만성 통증(<4),5
CQECD,Q,일반,E,전문진료를 위해서 의뢰된 환자,CD,"ST분절상승 심근경색,초급성 뇌경색 등으로 의뢰된 환자",2
CQECC,Q,일반,E,전문진료를 위해서 의뢰된 환자,CC,바로 치료가 시작되어야 할 위험 수치나 이상소견,2
CQECB,Q,일반,E,전문진료를 위해서 의뢰된 환자,CB,"수술 및 시술,지속감시가 필요하여 의뢰된 환자",3
CQECA,Q,일반,E,전문진료를 위해서 의뢰된 환자,CA,"전문진료를 위해 의뢰되었으나 수술 및 시술,지속감시가 필요 없는 환자",5
CQFAC,Q,일반,F,드레싱교체,AC,경증 호흡곤란,3
CQFAF,Q,일반,F,드레싱교체,AF,비정상 맥박수이지만 혈역학적으로 안정,3
CQFAK,Q,일반,F,드레싱교체,AK,전신염증반응증후군(열을 포함한2개의SIRS기준 만족),3
CQFAL,Q,일반,F,드레싱교체,AL,열(아파보임),3
CQFAM,Q,일반,F,드레싱교체,AM,열(건강해 보임),4
CQFBG,Q,일반,F,드레싱교체,BG,급성 통증(8-10),3
CQFBH,Q,일반,F,드레싱교체,BH,급성 통증(4-7),4
CQFBI,Q,일반,F,드레싱교체,BI,급성 통증(<4),5
CQFCA,Q,일반,F,드레싱교체,CA,드레싱교체,5
CQGCA,Q,일반,G,영상 검사/검사실 검사,CA,영상 검사/검사실 검사,5
CQHAA,Q,일반,H,의료장비문제,AA,중증 호흡곤란,1
CQHAD,Q,일반,H,의료장비문제,AD,쇼크,1
CQHAG,Q,일반,H,의료장비문제,AG,"무의식(U, GCS 3-8)",1
CQHAB,Q,일반,H,의료장비문제,AB,중등도 호흡곤란,2
CQHAE,Q,일반,H,의료장비문제,AE,혈역학적 장애,2
CQHAH,Q,일반,H,의료장비문제,AH,"의식변화(V/P, GCS 9-13)",2
CQHAI,Q,일반,H,의료장비문제,AI,"열,면역저하 상태",2
CQHAJ,Q,일반,H,의료장비문제,AJ,패혈증 의증(3개 이상의SIRS기준 만족),2
CQHAC,Q,일반,H,의료장비문제,AC,경증 호흡곤란,3
CQHAF,Q,일반,H,의료장비문제,AF,비정상 맥박수이지만 혈역학적으로 안정,3
CQHAK,Q,일반,H,의료장비문제,AK,전신염증반응증후군(열을 포함한2개의SIRS기준 만족),3
CQHAL,Q,일반,H,의료장비문제,AL,열(아파보임),3
CQHAM,Q,일반,H,의료장비문제,AM,열(건강해 보임),4
CQHBA,Q,일반,H,의료장비문제,BA,급성 통증(8-10),2
CQHBB,Q,일반,H,의료장비문제,BB,급성 통증(4-7),3
CQHBC,Q,일반,H,의료장비문제,BC,급성 통증(<4),4
CQHCA,Q,일반,H,의료장비문제,CA,"의료장비문제,증상이나 불편함이 없음",4
CQICA,Q,일반,I,처방전/투약문의,CA,처방전/투약문의,5
CQJAK,Q,일반,J,반지제거,AK,전신염증반응증후군(열을 포함한2개의SIRS기준 만족),3
CQJAL,Q,일반,J,반지제거,AL,열(아파보임),3
CQJAM,Q,일반,J,반지제거,AM,열(건강해 보임),4
CQJBG,Q,일반,J,반지제거,BG,급성 통증(8-10),3
CQJBH,Q,일반,J,반지제거,BH,급성 통증(4-7),4
CQJBI,Q,일반,J,반지제거,BI,급성 통증(<4),5
CQJCB,Q,일반,J,반지제거,CB,신경혈관장애,2
CQJCA,Q,일반,J,반지제거,CA,반지제거,5
CQKAA,Q,일반,K,비정상 검사 결과,AA,중증 호흡곤란,1
CQKAD,Q,일반,K,비정상 검사 결과,AD,쇼크,1
CQKAG,Q,일반,K,비정상 검사 결과,AG,"무의식(U, GCS 3-8)",1
CQKAB,Q,일반,K,비정상 검사 결과,AB,중등도 호흡곤란,2
CQKAE,Q,일반,K,비정상 검사 결과,AE,혈역학적 장애,2
CQKAH,Q,일반,K,비정상 검사 결과,AH,"의식변화(V/P, GCS 9-13)",2
CQKAI,Q,일반,K,비정상 검사 결과,AI,"열,면역저하 상태",2
CQKAJ,Q,일반,K,비정상 검사 결과,AJ,패혈증 의증(3개 이상의SIRS기준 만족),2
CQKAC,Q,일반,K,비정상 검사 결과,AC,경증 호흡곤란,3
CQKAF,Q,일반,K,비정상 검사 결과,AF,비정상 맥박수이지만 혈역학적으로 안정,3
CQKAK,Q,일반,K,비정상 검사 결과,AK,전신염증반응증후군(열을 포함한2개의SIRS기준 만족),3
CQKAL,Q,일반,K,비정상 검사 결과,AL,열(아파보임),3
CQKAM,Q,일반,K,비정상 검사 결과,AM,열(건강해 보임),4
CQKBL,Q,일반,K,비정상 검사 결과,BL,출혈성 질환(생명 혹은 사지를 소실할 정도의 위급한 출혈),2
CQKBM,Q,일반,K,비정상 검사 결과,BM,출혈성 질환(중등도나 경도의 출혈),3
CQKCC,Q,일반,K,비정상 검사 결과,CC,바로 치료가 시작되어야 할 위험 수치나 이상소견,2
CQKCB,Q,일반,K,비정상 검사 결과,CB,위험수치나 이상소견에 해당되나 정상 활력징후,3
CQKCA,Q,일반,K,비정상 검사 결과,CA,위험수치나 이상소견에 해당되지 않으며 정상 활력징후,5
CQLAA,Q,일반,L,창백함/빈혈,AA,중증 호흡곤란,1
CQLAD,Q,일반,L,창백함/빈혈,AD,쇼크,1
CQLAG,Q,일반,L,창백함/빈혈,AG,"무의식(U, GCS 3-8)",1
CQLAB,Q,일반,L,창백함/빈혈,AB,중등도 호흡곤란,2
CQLAE,Q,일반,L,창백함/빈혈,AE,혈역학적 장애,2
CQLAH,Q,일반,L,창백함/빈혈,AH,"의식변화(V/P, GCS 9-13)",2
CQLAI,Q,일반,L,창백함/빈혈,AI,"열,면역저하 상태",2
CQLAJ,Q,일반,L,창백함/빈혈,AJ,패혈증 의증(3개 이상의SIRS기준 만족),2
CQLAC,Q,일반,L,창백함/빈혈,AC,경증 호흡곤란,3
CQLAF,Q,일반,L,창백함/빈혈,AF,비정상 맥박수이지만 혈역학적으로 안정,3
CQLAK,Q,일반,L,창백함/빈혈,AK,전신염증반응증후군(열을 포함한2개의SIRS기준 만족),3
CQLAL,Q,일반,L,창백함/빈혈,AL,열(아파보임),3
CQLAM,Q,일반,L,창백함/빈혈,AM,열(건강해 보임),4
CQLBL,Q,일반,L,창백함/빈혈,BL,출혈성 질환(생명 혹은 사지를 소실할 정도의 위급한 출혈),2
CQLBM,Q,일반,L,창백함/빈혈,BM,출혈성 질환(중등도나 경도의 출혈),3
CQLCA,Q,일반,L,창백함/빈혈,CA,창백함/빈혈,4
CQMAB,Q,일반,M,수술 후 합병증,AB,중등도 호흡곤란,2
CQMAE,Q,일반,M,수술 후 합병증,AE,혈역학적 장애,2
CQMAH,Q,일반,M,수술 후 합병증,AH,"의식변화(V/P, GCS 9-13)",2
CQMAI,Q,일반,M,수술 후 합병증,AI,"열,면역저하 상태",2
CQMAJ,Q,일반,M,수술 후 합병증,AJ,패혈증 의증(3개 이상의SIRS기준 만족),2
CQMAC,Q,일반,M,수술 후 합병증,AC,경증 호흡곤란,3
CQMAF,Q,일반,M,수술 후 합병증,AF,비정상 맥박수이지만 혈역학적으로 안정,3
CQMAK,Q,일반,M,수술 후 합병증,AK,전신염증반응증후군(열을 포함한2개의SIRS기준 만족),3
CQMAL,Q,일반,M,수술 후 합병증,AL,열(아파보임),3
CQMAM,Q,일반,M,수술 후 합병증,AM,열(건강해 보임),4
CQMBA,Q,일반,M,수술 후 합병증,BA,급성 통증(8-10),2
CQMBL,Q,일반,M,수술 후 합병증,BL,출혈성 질환(생명 혹은 사지를 소실할 정도의 위급한 출혈),2
CQMBB,Q,일반,M,수술 후 합병증,BB,급성 통증(4-7),3
CQMBM,Q,일반,M,수술 후 합병증,BM,출혈성 질환(중등도나 경도의 출혈),3
CQMBC,Q,일반,M,수술 후 합병증,BC,급성 통증(<4),4
CQMCA,Q,일반,M,수술 후 합병증,CA,"정상 활력징후,통증없음,일상적인 체크",4
CQNAB,Q,일반,N,경증 또는 비특이적 증상 호소,AB,중등도 호흡곤란,2
CQNAE,Q,일반,N,경증 또는 비특이적 증상 호소,AE,혈역학적 장애,2
CQNAH,Q,일반,N,경증 또는 비특이적 증상 호소,AH,"의식변화(V/P, GCS 9-13)",2
CQNAI,Q,일반,N,경증 또는 비특이적 증상 호소,AI,"열,면역저하 상태",2
CQNAJ,Q,일반,N,경증 또는 비특이적 증상 호소,AJ,패혈증 의증(3개 이상의SIRS기준 만족),2
CQNAC,Q,일반,N,경증 또는 비특이적 증상 호소,AC,경증 호흡곤란,3
CQNAF,Q,일반,N,경증 또는 비특이적 증상 호소,AF,비정상 맥박수이지만 혈역학적으로 안정,3
CQNAK,Q,일반,N,경증 또는 비특이적 증상 호소,AK,전신염증반응증후군(열을 포함한2개의SIRS기준 만족),3
CQNAL,Q,일반,N,경증 또는 비특이적 증상 호소,AL,열(아파보임),3
CQNAM,Q,일반,N,경증 또는 비특이적 증상 호소,AM,열(건강해 보임),4
CQNBG,Q,일반,N,경증 또는 비특이적 증상 호소,BG,급성 통증(8-10),3
CQNBH,Q,일반,N,경증 또는 비특이적 증상 호소,BH,급성 통증(4-7),4
CQNBJ,Q,일반,N,경증 또는 비특이적 증상 호소,BJ,만성 통증(8-10),4
CQNBI,Q,일반,N,경증 또는 비특이적 증상 호소,BI,급성 통증(<4),5
CQNBK,Q,일반,N,경증 또는 비특이적 증상 호소,BK,만성 통증(<8),5
CQNCA,Q,일반,N,경증 또는 비특이적 증상 호소,CA,"경증 증상호소,비특이적",5
